playerId,position,season,team,league,gamesPlayed,goals,assists,points,pim,plusMinus,avgToi,faceoffPct,gameWinningGoals,otGoals,powerPlayGoals,powerPlayPoints,shGoals,shPoints,shots
8482947,C,2025-2026,Colorado Avalanche,NHL,59,1,9,10,14,6,428,0.423313,0,0,0,0,0,0,34
8479525,C,2025-2026,Colorado Avalanche,NHL,72,9,15,24,13,9,749,0.476636,2,0,0,0,0,0,151
8480835,C,2025-2026,Colorado Avalanche,NHL,81,10,17,27,31,15,868,0.580273,0,0,0,0,0,0,97
8475172,C,2025-2026,Calgary Flames,NHL,61,12,29,41,24,-27,1162,0.477044,1,0,2,13,0,0,175
8475172,C,2025-2026,Colorado Avalanche,NHL,16,4,5,9,6,-3,1068,0.395833,1,0,3,6,0,0,38
8480448,C,2025-2026,Colorado Avalanche,NHL,81,20,14,34,30,16,761,0.361257,2,0,0,0,1,1,101
8481641,L,2025-2026,Colorado Avalanche,NHL,50,3,6,9,8,7,618,0.333333,0,0,0,0,0,0,44
8476455,L,2025-2026,Colorado Avalanche,NHL,60,14,21,35,47,29,985,0.623077,2,0,2,5,0,0,132
8477476,L,2025-2026,Colorado Avalanche,NHL,69,21,27,48,16,32,1110,0.166667,0,0,1,2,0,0,151
8477492,C,2025-2026,Colorado Avalanche,NHL,80,53,74,127,39,57,1336,0.510495,7,1,11,30,0,0,350
8480039,C,2025-2026,Colorado Avalanche,NHL,78,38,62,100,30,47,1290,0.428571,5,0,9,24,0,0,206
8475754,C,2025-2026,Colorado Avalanche,NHL,80,33,32,65,36,13,1179,0.502432,9,1,10,18,0,1,185
8477501,R,2025-2026,Colorado Avalanche,NHL,71,17,30,47,26,7,1063,0.5,1,0,1,4,1,1,160
8481186,R,2025-2026,Colorado Avalanche,NHL,12,0,2,2,2,-1,675,0.0,0,0,0,0,0,0,12
8478462,C,2025-2026,Toronto Maple Leafs,NHL,59,5,15,20,10,0,885,0.529134,0,0,1,1,0,1,55
8478462,C,2025-2026,Colorado Avalanche,NHL,14,3,2,5,13,0,783,0.468354,0,0,1,1,0,0,21
8483565,D,2025-2026,Nashville Predators,NHL,49,6,15,21,10,-11,1078,0.0,0,0,3,7,0,0,59
8483565,D,2025-2026,Colorado Avalanche,NHL,11,1,1,2,0,0,704,0.0,0,0,0,0,0,0,10
8470613,D,2025-2026,Colorado Avalanche,NHL,81,12,22,34,30,32,1134,0.0,5,0,0,1,0,0,171
8476967,D,2025-2026,Edmonton Oilers,NHL,31,0,2,2,10,-7,1062,0.0,0,0,0,0,0,0,33
8476967,D,2025-2026,Pittsburgh Penguins,NHL,25,1,6,7,18,2,1220,0.0,0,0,0,0,0,0,29
8476967,D,2025-2026,Colorado Avalanche,NHL,26,0,3,3,10,1,1148,0.0,0,0,0,0,0,0,31
8480069,D,2025-2026,Colorado Avalanche,NHL,74,20,58,78,24,31,1494,0.0,4,0,4,29,0,0,196
8484258,D,2025-2026,Colorado Avalanche,NHL,81,8,32,40,20,43,1055,0.0,1,0,0,1,0,0,160
8476312,D,2025-2026,Colorado Avalanche,NHL,79,5,26,31,91,42,1067,0.0,2,0,0,0,0,0,128
8478038,D,2025-2026,Colorado Avalanche,NHL,67,3,21,24,32,36,1342,0.0,1,0,1,1,0,0,111
8478427,C,2025-2026,Carolina Hurricanes,NHL,79,27,53,80,46,11,1177,0.504657,4,2,7,27,2,6,195
8482809,R,2025-2026,Carolina Hurricanes,NHL,81,22,31,53,40,4,990,0.0,3,1,3,12,0,0,174
8477478,L,2025-2026,Carolina Hurricanes,NHL,70,7,11,18,18,5,645,0.388889,2,0,0,0,0,0,80
8475235,L,2025-2026,Philadelphia Flyers,NHL,24,0,1,1,33,-3,485,1.0,0,0,0,0,0,0,13
8475235,L,2025-2026,Carolina Hurricanes,NHL,7,0,1,1,5,0,609,0.0,0,0,0,0,0,0,5
8477940,L,2025-2026,Carolina Hurricanes,NHL,82,26,45,71,14,8,996,0.354839,6,1,10,29,0,0,207
8475791,L,2025-2026,Carolina Hurricanes,NHL,80,18,30,48,44,6,872,0.408163,1,0,3,7,0,0,137
8476873,L,2025-2026,Carolina Hurricanes,NHL,68,11,10,21,16,7,669,0.513514,3,0,0,2,0,0,63
8482093,C,2025-2026,Carolina Hurricanes,NHL,71,32,34,66,23,6,1133,0.405063,7,2,5,21,4,6,224
8480829,C,2025-2026,Carolina Hurricanes,NHL,42,2,7,9,8,3,681,0.485185,0,0,0,0,0,0,42
8476921,L,2025-2026,Carolina Hurricanes,NHL,77,12,17,29,35,6,890,0.438356,3,0,0,0,3,3,109
8480762,L,2025-2026,Carolina Hurricanes,NHL,67,12,6,18,8,7,686,0.076923,3,0,0,0,0,1,84
8473533,C,2025-2026,Carolina Hurricanes,NHL,75,20,16,36,29,5,971,0.554894,4,0,4,4,0,1,107
8482702,C,2025-2026,Carolina Hurricanes,NHL,81,21,23,44,25,12,927,0.44312,3,0,4,9,0,0,166
8480830,R,2025-2026,Carolina Hurricanes,NHL,79,31,39,70,66,1,1019,0.454545,3,0,12,29,0,0,203
8478970,D,2025-2026,Carolina Hurricanes,NHL,72,2,15,17,18,15,1208,0.0,1,0,0,0,0,0,100
8476906,D,2025-2026,Carolina Hurricanes,NHL,55,13,37,50,22,11,1154,0.0,1,0,6,18,0,0,116
8480817,D,2025-2026,Carolina Hurricanes,NHL,72,8,29,37,56,7,1344,0.0,1,0,1,3,1,3,123
8482100,D,2025-2026,Carolina Hurricanes,NHL,81,11,22,33,33,18,1091,0.0,1,1,4,10,1,1,122
8476422,D,2025-2026,Carolina Hurricanes,NHL,42,1,8,9,26,11,898,0.0,0,0,0,0,1,1,63
8476958,D,2025-2026,Carolina Hurricanes,NHL,39,1,7,8,4,8,1279,0.0,1,1,0,0,0,2,63
8480336,D,2025-2026,Carolina Hurricanes,NHL,81,9,22,31,59,6,1309,0.0,1,1,0,1,0,2,179
8479414,R,2025-2026,Dallas Stars,NHL,36,6,1,7,21,4,519,0.0,0,0,0,0,0,0,25
8473994,L,2025-2026,Dallas Stars,NHL,59,15,20,35,53,7,797,0.485149,3,0,2,5,0,0,72
8476278,C,2025-2026,Dallas Stars,NHL,70,4,11,15,40,-2,714,0.432056,1,0,0,0,0,0,61
8482145,C,2025-2026,Dallas Stars,NHL,81,19,21,40,20,6,928,0.447826,1,0,1,5,0,0,146
8478047,L,2025-2026,Nashville Predators,NHL,61,13,18,31,16,-17,888,0.321429,1,0,5,9,0,0,108
8478047,L,2025-2026,Dallas Stars,NHL,12,1,1,2,4,-8,769,0.5,0,0,1,1,0,0,13
8480840,C,2025-2026,Dallas Stars,NHL,71,5,7,12,10,10,740,0.441176,1,0,0,0,1,1,41
8475168,C,2025-2026,Dallas Stars,NHL,56,16,29,45,8,-1,990,0.520875,4,0,5,14,0,0,89
8477454,L,2025-2026,Dallas Stars,NHL,44,6,2,8,19,1,596,0.2,0,0,0,0,0,0,41
8476889,C,2025-2026,Dallas Stars,NHL,57,2,15,17,16,2,703,0.538642,0,0,0,0,1,3,35
8478449,C,2025-2026,Dallas Stars,NHL,53,15,29,44,18,16,1040,0.591472,1,1,6,19,0,0,126
8484829,C,2025-2026,Dallas Stars,NHL,80,13,15,28,43,0,795,0.54878,1,0,2,4,0,0,81
8484938,R,2025-2026,Dallas Stars,NHL,20,3,2,5,2,1,707,0.578947,0,0,0,0,1,1,24
8482740,C,2025-2026,Dallas Stars,NHL,81,45,41,86,32,-4,1209,0.476813,4,1,27,42,0,0,206
8478420,R,2025-2026,Dallas Stars,NHL,63,22,55,77,93,2,1212,0.45122,1,0,6,34,0,0,138
8480027,L,2025-2026,Dallas Stars,NHL,81,45,51,96,32,23,1217,0.333333,9,1,15,41,0,0,293
8475794,C,2025-2026,Dallas Stars,NHL,27,7,10,17,2,10,1000,0.53617,2,0,1,4,0,0,31
8479351,C,2025-2026,Dallas Stars,NHL,72,12,21,33,24,4,964,0.507937,5,0,1,3,0,0,82
8483425,D,2025-2026,Dallas Stars,NHL,49,4,4,8,37,6,934,0.0,2,0,0,0,0,0,26
8478476,D,2025-2026,Dallas Stars,NHL,33,2,3,5,8,1,728,0.0,0,0,0,0,0,0,18
8481581,D,2025-2026,Dallas Stars,NHL,69,6,30,36,26,4,1384,0.0,4,2,1,7,0,0,109
8480036,D,2025-2026,Dallas Stars,NHL,77,9,54,63,30,9,1528,0.0,3,1,2,28,1,1,148
8476902,D,2025-2026,Dallas Stars,NHL,81,5,25,30,20,30,1395,0.0,1,0,0,1,0,2,80
8480878,D,2025-2026,Dallas Stars,NHL,51,3,8,11,16,12,984,0.0,0,0,0,0,0,0,46
8480950,D,2025-2026,Dallas Stars,NHL,52,1,7,8,38,1,945,0.0,0,0,0,0,0,0,32
8474574,D,2025-2026,Vancouver Canucks,NHL,57,1,7,8,40,-25,1213,0.0,0,0,0,0,0,0,71
8474574,D,2025-2026,Dallas Stars,NHL,15,0,3,3,12,2,1004,0.0,0,0,0,0,0,0,14
8475755,D,2025-2026,Dallas Stars,NHL,54,2,8,10,47,2,921,0.0,0,0,0,0,0,0,57
8484145,L,2025-2026,Buffalo Sabres,NHL,64,12,29,41,42,25,945,0.466667,4,0,1,5,0,1,113
8475842,C,2025-2026,New York Rangers,NHL,60,4,6,10,53,-2,625,0.539043,0,0,0,0,0,1,56
8475842,C,2025-2026,Buffalo Sabres,NHL,13,5,1,6,12,4,645,0.573427,1,0,0,0,0,0,19
8479941,R,2025-2026,Buffalo Sabres,NHL,4,0,0,0,2,-2,702,0.548387,0,0,0,0,0,0,2
8482659,R,2025-2026,Buffalo Sabres,NHL,81,25,27,52,25,-5,952,0.222222,4,0,9,17,0,0,169
8482623,C,2025-2026,Buffalo Sabres,NHL,33,1,3,4,38,-6,564,0.531532,0,0,0,0,0,0,28
8478413,L,2025-2026,Buffalo Sabres,NHL,39,1,5,6,27,-10,741,0.242424,0,0,0,0,0,0,32
8482896,C,2025-2026,Buffalo Sabres,NHL,45,2,3,5,2,-1,673,0.484043,0,0,0,0,0,0,30
8481522,C,2025-2026,Buffalo Sabres,NHL,81,12,27,39,78,13,822,0.435622,4,0,0,1,0,0,91
8483468,C,2025-2026,Buffalo Sabres,NHL,12,3,2,5,4,-4,982,0.417178,0,0,0,0,0,0,20
8479359,L,2025-2026,Buffalo Sabres,NHL,80,7,7,14,38,1,672,0.4,0,0,0,0,1,1,72
8480802,C,2025-2026,Buffalo Sabres,NHL,81,14,40,54,16,25,1057,0.476636,1,0,0,7,5,6,90
8480064,C,2025-2026,Buffalo Sabres,NHL,43,12,21,33,28,10,948,0.494828,3,0,2,9,0,0,67
8483500,C,2025-2026,Buffalo Sabres,NHL,60,11,16,27,14,11,838,0.315018,1,0,2,6,0,0,60
8476871,L,2025-2026,Winnipeg Jets,NHL,52,7,6,13,25,7,653,0.2,2,0,0,0,0,0,49
8476871,L,2025-2026,Buffalo Sabres,NHL,3,0,1,1,2,2,471,0.0,0,0,0,0,0,0,3
8482097,R,2025-2026,Buffalo Sabres,NHL,81,20,31,51,18,5,937,0.25,4,0,4,11,0,0,186
8479420,C,2025-2026,Buffalo Sabres,NHL,81,40,41,81,35,-6,1155,0.454545,5,0,6,24,0,1,272
8477949,R,2025-2026,Buffalo Sabres,NHL,78,32,33,65,57,23,1138,0.473118,2,1,7,9,3,5,194
8475722,L,2025-2026,Buffalo Sabres,NHL,62,24,21,45,23,-5,937,0.387097,7,0,10,16,0,0,128
8481524,D,2025-2026,Buffalo Sabres,NHL,81,11,31,42,48,16,1343,0.0,5,1,1,7,0,1,109
8480839,D,2025-2026,Buffalo Sabres,NHL,77,19,55,74,76,18,1451,0.0,0,0,6,22,0,0,194
8480891,D,2025-2026,Buffalo Sabres,NHL,33,0,2,2,50,-2,801,0.0,0,0,0,0,0,0,46
8484305,D,2025-2026,Buffalo Sabres,NHL,42,2,4,6,8,17,653,0.0,1,0,0,0,0,0,24
8482671,D,2025-2026,Buffalo Sabres,NHL,80,8,19,27,16,8,1299,0.0,0,0,0,0,0,3,119
8480807,D,2025-2026,Buffalo Sabres,NHL,78,13,28,41,28,41,1370,0.0,3,1,0,0,1,3,109
8474568,D,2025-2026,Winnipeg Jets,NHL,46,1,6,7,32,-11,824,0.0,0,0,0,0,0,0,32
8474568,D,2025-2026,Buffalo Sabres,NHL,3,0,0,0,9,-2,769,0.0,0,0,0,0,0,0,2
8479378,D,2025-2026,Winnipeg Jets,NHL,59,9,12,21,99,-2,1032,0.0,1,0,0,1,0,0,74
8479378,D,2025-2026,Buffalo Sabres,NHL,16,0,5,5,29,5,877,0.0,0,0,0,0,0,0,19
8479982,D,2025-2026,Buffalo Sabres,NHL,38,0,8,8,16,-8,1129,0.0,0,0,0,0,0,0,40
8477416,R,2025-2026,Tampa Bay Lightning,NHL,79,11,20,31,14,-15,814,0.4375,1,0,9,14,0,0,128
8482070,R,2025-2026,Tampa Bay Lightning,NHL,10,0,0,0,4,-2,551,0.333333,0,0,0,0,0,0,9
8478519,C,2025-2026,Tampa Bay Lightning,NHL,71,23,29,52,48,38,1039,0.48186,3,1,3,4,2,4,125
8476878,C,2025-2026,Tampa Bay Lightning,NHL,73,9,10,19,31,0,884,0.440758,2,0,0,0,0,0,89
8482201,C,2025-2026,Tampa Bay Lightning,NHL,73,11,22,33,41,28,785,0.304348,2,0,0,2,0,0,77
8476826,C,2025-2026,Tampa Bay Lightning,NHL,81,9,19,28,66,-4,980,0.451724,2,0,0,0,0,0,113
8477404,C,2025-2026,Tampa Bay Lightning,NHL,81,38,50,88,61,13,1215,0.478261,5,2,8,30,2,2,220
8479542,L,2025-2026,Tampa Bay Lightning,NHL,70,36,38,74,58,34,1185,0.403226,6,0,5,12,1,1,209
8480995,R,2025-2026,Tampa Bay Lightning,NHL,70,11,11,22,31,1,801,0.365385,2,0,0,0,0,0,90
8483752,C,2025-2026,Tampa Bay Lightning,NHL,43,7,8,15,8,4,734,0.503623,0,0,0,0,0,0,56
8476453,R,2025-2026,Tampa Bay Lightning,NHL,75,44,86,130,50,44,1220,0.0,8,2,8,37,1,1,230
8477426,L,2025-2026,Tampa Bay Lightning,NHL,50,7,8,15,32,-14,811,0.543233,1,0,1,3,0,0,65
8481592,L,2025-2026,Tampa Bay Lightning,NHL,4,0,0,0,0,-1,533,1.0,0,0,0,0,0,0,3
8470621,R,2025-2026,Los Angeles Kings,NHL,50,11,17,28,59,-1,859,0.241379,0,0,4,11,0,0,87
8470621,R,2025-2026,Tampa Bay Lightning,NHL,21,5,3,8,20,0,721,0.0,2,0,1,2,0,0,22
8478010,C,2025-2026,Tampa Bay Lightning,NHL,63,18,32,50,14,12,1095,0.457887,0,0,6,11,0,0,129
8477149,R,2025-2026,Tampa Bay Lightning,NHL,25,1,3,4,89,0,469,0.0,0,0,0,0,0,0,10
8483398,D,2025-2026,Tampa Bay Lightning,NHL,41,1,2,3,40,7,881,0.0,0,0,0,0,0,0,33
8478416,D,2025-2026,Tampa Bay Lightning,NHL,60,3,8,11,74,3,1059,0.0,1,0,0,0,0,1,52
8481719,D,2025-2026,Tampa Bay Lightning,NHL,34,1,9,10,40,7,960,0.0,0,0,0,0,0,1,44
8480426,D,2025-2026,Tampa Bay Lightning,NHL,69,6,23,29,110,-3,1124,0.0,2,0,0,2,0,0,77
8475167,D,2025-2026,Tampa Bay Lightning,NHL,33,1,16,17,10,-1,1132,0.0,0,0,0,6,0,0,50
8482929,D,2025-2026,Tampa Bay Lightning,NHL,49,4,7,11,57,14,1040,0.0,2,0,0,0,0,0,42
8474151,D,2025-2026,Tampa Bay Lightning,NHL,48,6,15,21,6,14,1155,0.0,0,0,0,0,0,0,39
8482655,D,2025-2026,Tampa Bay Lightning,NHL,79,7,22,29,69,41,1294,0.0,0,0,0,1,0,2,111
8478178,D,2025-2026,Tampa Bay Lightning,NHL,72,22,48,70,72,22,1365,0.0,6,1,10,26,0,0,207
8477463,D,2025-2026,Tampa Bay Lightning,NHL,11,0,1,1,2,1,628,0.0,0,0,0,0,0,0,3
8476981,R,2025-2026,Montréal Canadiens,NHL,72,14,9,23,90,-4,841,0.69697,1,0,0,0,2,4,89
8482737,R,2025-2026,Montréal Canadiens,NHL,78,12,18,30,28,-6,818,0.5,3,0,3,6,0,0,101
8481540,R,2025-2026,Montréal Canadiens,NHL,81,51,37,88,14,29,1091,0.333333,12,5,11,29,0,0,258
8481523,C,2025-2026,Montréal Canadiens,NHL,37,8,7,15,31,-2,819,0.413793,0,0,0,2,0,0,47
8476479,C,2025-2026,Los Angeles Kings,NHL,30,0,5,5,6,3,979,0.528986,0,0,0,0,0,1,42
8476479,C,2025-2026,Montréal Canadiens,NHL,45,6,6,12,20,-6,904,0.561525,1,0,0,0,1,1,49
8484984,R,2025-2026,Montréal Canadiens,NHL,82,19,43,62,34,3,930,0.0,4,0,7,20,0,0,127
8478133,C,2025-2026,Montréal Canadiens,NHL,68,12,12,24,28,-8,921,0.55858,2,1,0,0,2,2,75
8475848,R,2025-2026,Montréal Canadiens,NHL,77,7,16,23,39,0,741,0.6,0,0,2,5,0,0,121
8482775,C,2025-2026,Montréal Canadiens,NHL,82,22,15,37,22,4,868,0.455357,2,0,1,1,1,3,131
8479339,R,2025-2026,Montréal Canadiens,NHL,5,0,1,1,2,-3,756,0.666667,0,0,0,0,0,0,6
8481618,C,2025-2026,Montréal Canadiens,NHL,42,13,12,25,10,9,869,0.475472,2,1,2,3,0,0,61
8483515,L,2025-2026,Montréal Canadiens,NHL,82,30,43,73,52,9,1112,0.327869,4,0,15,28,0,0,180
8480018,C,2025-2026,Montréal Canadiens,NHL,82,29,72,101,28,37,1249,0.504486,2,1,11,43,1,1,183
8480074,L,2025-2026,St. Louis Blues,NHL,8,0,1,1,2,0,615,1.0,0,0,0,0,0,0,7
8480074,L,2025-2026,Montréal Canadiens,NHL,43,8,12,20,24,9,857,0.133333,1,0,0,1,0,0,67
8480813,C,2025-2026,Montréal Canadiens,NHL,61,2,3,5,19,-12,725,0.515823,1,0,0,0,0,0,52
8478851,D,2025-2026,Montréal Canadiens,NHL,73,7,15,22,34,2,1145,0.0,0,0,0,0,0,0,56
8480865,D,2025-2026,Montréal Canadiens,NHL,80,12,35,47,34,5,1349,0.0,1,0,2,7,0,1,158
8483686,D,2025-2026,Montréal Canadiens,NHL,15,0,1,1,8,2,783,0.0,0,0,0,0,0,0,11
8482087,D,2025-2026,Montréal Canadiens,NHL,39,2,9,11,41,5,1168,0.0,2,0,0,0,0,0,40
8483457,D,2025-2026,Montréal Canadiens,NHL,82,12,66,78,34,36,1426,0.0,3,1,2,20,0,0,124
8476875,D,2025-2026,Montréal Canadiens,NHL,78,7,30,37,34,9,1450,0.0,3,1,0,1,1,2,114
8484220,D,2025-2026,Montréal Canadiens,NHL,2,0,1,1,0,0,789,0.0,0,0,0,0,0,0,3
8481593,D,2025-2026,Montréal Canadiens,NHL,59,2,10,12,58,4,841,0.0,0,0,0,0,0,0,26
8482964,D,2025-2026,Montréal Canadiens,NHL,65,1,3,4,116,-8,685,0.0,0,0,0,0,0,0,40
8481557,L,2025-2026,Minnesota Wild,NHL,76,42,43,85,30,18,1234,0.443548,3,1,11,30,4,4,254
8481553,R,2025-2026,Philadelphia Flyers,NHL,55,13,13,26,20,-5,929,0.302326,3,0,3,6,0,0,90
8481553,R,2025-2026,Minnesota Wild,NHL,13,2,2,4,4,-2,825,0.714286,0,0,0,1,0,0,14
8478493,C,2025-2026,Minnesota Wild,NHL,70,19,32,51,32,16,1145,0.489928,3,0,7,16,0,0,194
8477952,C,2025-2026,St. Louis Blues,NHL,15,1,3,4,12,-3,756,0.666667,0,0,0,0,0,0,17
8477952,C,2025-2026,Minnesota Wild,NHL,6,1,0,1,4,-1,591,0.333333,1,0,0,0,0,0,13
8475220,L,2025-2026,Minnesota Wild,NHL,56,8,5,13,67,-12,771,0.45,0,0,2,2,0,0,65
8473422,L,2025-2026,Chicago Blackhawks,NHL,37,3,8,11,27,2,768,0.493902,0,0,0,2,0,1,30
8473422,L,2025-2026,Minnesota Wild,NHL,17,1,3,4,17,0,739,0.494118,0,0,0,0,0,1,19
8477451,R,2025-2026,Minnesota Wild,NHL,76,23,20,43,48,-1,1005,0.453456,4,0,6,7,0,0,167
8475149,L,2025-2026,Minnesota Wild,NHL,75,15,34,49,12,18,925,0.375,4,1,3,9,0,1,106
8478864,L,2025-2026,Minnesota Wild,NHL,78,45,44,89,28,10,1329,0.0,7,4,19,32,0,0,269
8477446,C,2025-2026,Nashville Predators,NHL,59,5,7,12,73,-15,870,0.527744,0,0,0,0,1,1,86
8477446,C,2025-2026,Minnesota Wild,NHL,20,3,2,5,20,-1,760,0.513661,1,0,0,0,1,1,23
8481477,C,2025-2026,Minnesota Wild,NHL,49,5,6,11,16,0,657,0.551075,0,0,0,0,1,1,37
8475765,R,2025-2026,Minnesota Wild,NHL,75,23,24,47,10,-11,896,0.461538,4,1,5,13,0,0,148
8478508,C,2025-2026,Minnesota Wild,NHL,82,6,17,23,38,13,797,0.383333,1,0,0,0,0,0,98
8483525,R,2025-2026,Minnesota Wild,NHL,73,12,15,27,28,-7,798,0.392183,2,0,1,3,0,0,80
8475692,R,2025-2026,Minnesota Wild,NHL,59,15,39,54,20,-5,1119,0.45,5,3,6,21,0,0,122
8474567,D,2025-2026,Minnesota Wild,NHL,41,2,4,6,18,8,873,0.0,0,0,0,0,0,0,30
8476463,D,2025-2026,Minnesota Wild,NHL,62,4,14,18,16,19,1217,0.0,1,0,0,1,0,0,76
8482122,D,2025-2026,Minnesota Wild,NHL,80,15,36,51,39,18,1481,0.0,1,0,1,11,1,2,173
8486166,D,2025-2026,Minnesota Wild,NHL,2,0,0,0,0,1,1278,0.0,0,0,0,0,0,0,0
8480800,D,2025-2026,Vancouver Canucks,NHL,26,2,21,23,12,-10,1646,0.0,0,0,2,12,0,0,74
8480800,D,2025-2026,Minnesota Wild,NHL,48,5,48,53,20,6,1674,0.0,1,0,0,22,0,0,113
8482094,D,2025-2026,Minnesota Wild,NHL,32,0,6,6,6,-3,746,0.0,0,0,0,0,0,0,19
8482641,D,2025-2026,Minnesota Wild,NHL,6,0,1,1,0,0,944,0.0,0,0,0,0,0,1,4
8478136,D,2025-2026,Minnesota Wild,NHL,75,2,14,16,76,2,1050,0.0,0,0,0,0,0,0,62
8473507,D,2025-2026,Florida Panthers,NHL,58,0,8,8,22,-10,891,0.0,0,0,0,2,0,0,45
8473507,D,2025-2026,Minnesota Wild,NHL,9,0,1,1,2,-5,850,0.0,0,0,0,0,0,0,9
8474716,D,2025-2026,Minnesota Wild,NHL,79,6,16,22,14,2,1176,0.0,2,1,2,6,0,0,90
8478042,L,2025-2026,Boston Bruins,NHL,69,25,29,54,24,20,876,0.5,6,0,4,9,0,0,175
8479591,C,2025-2026,Boston Bruins,NHL,56,8,10,18,31,-3,655,0.5,1,0,1,4,0,0,109
8479987,C,2025-2026,Boston Bruins,NHL,81,39,29,68,22,-5,1044,0.45625,6,1,12,24,0,0,181
8485395,C,2025-2026,Boston Bruins,NHL,2,0,1,1,2,1,873,1.0,0,0,0,0,0,0,2
8479661,L,2025-2026,Boston Bruins,NHL,77,6,16,22,66,-4,759,0.444444,1,0,0,1,0,0,78
8480355,C,2025-2026,Boston Bruins,NHL,82,12,10,22,140,6,757,0.608156,4,0,0,1,1,1,100
8482177,C,2025-2026,Boston Bruins,NHL,77,15,18,33,16,12,870,0.466667,1,1,0,1,0,0,78
8476374,C,2025-2026,Boston Bruins,NHL,82,6,16,22,41,0,800,0.510574,1,0,0,0,0,0,110
8477496,C,2025-2026,Boston Bruins,NHL,69,17,31,48,38,-7,1073,0.560748,3,0,7,20,0,0,114
8483489,C,2025-2026,Boston Bruins,NHL,82,17,18,35,20,21,933,0.493445,2,2,1,3,0,1,116
8479999,C,2025-2026,Boston Bruins,NHL,71,15,27,42,12,12,910,0.489247,2,0,2,7,0,0,80
8477956,R,2025-2026,Boston Bruins,NHL,77,29,71,100,72,4,1239,0.222222,4,1,10,33,0,0,261
8482634,C,2025-2026,Boston Bruins,NHL,43,9,7,16,34,6,716,0.428571,0,0,1,3,1,1,55
8478401,C,2025-2026,Boston Bruins,NHL,78,30,35,65,28,4,1011,0.533062,4,2,11,22,0,0,131
8481219,D,2025-2026,Boston Bruins,NHL,61,3,10,13,43,30,1004,0.0,0,0,0,1,0,0,47
8480887,D,2025-2026,Boston Bruins,NHL,8,1,2,3,0,0,954,0.0,0,0,0,0,0,0,12
8480035,D,2025-2026,Boston Bruins,NHL,41,2,13,15,14,2,1068,0.0,1,0,0,2,0,0,40
8476854,D,2025-2026,Boston Bruins,NHL,67,5,21,26,58,3,1297,0.0,2,0,1,4,0,0,100
8482511,D,2025-2026,Boston Bruins,NHL,73,7,19,26,20,17,1014,0.0,0,0,2,5,0,0,72
8479325,D,2025-2026,Boston Bruins,NHL,69,11,50,61,62,13,1463,0.0,1,1,2,23,0,0,111
8479369,D,2025-2026,Boston Bruins,NHL,77,5,9,14,22,-12,1163,0.0,0,0,0,0,0,0,82
8477507,D,2025-2026,Boston Bruins,NHL,81,2,20,22,152,18,1253,0.0,1,0,0,0,0,0,107
8478569,C,2025-2026,Pittsburgh Penguins,NHL,67,13,12,25,25,14,822,0.520202,1,0,0,0,0,0,93
8479638,R,2025-2026,Pittsburgh Penguins,NHL,64,17,17,34,14,5,759,0.0,4,0,3,5,0,0,104
8482475,R,2025-2026,Columbus Blue Jackets,NHL,29,3,3,6,6,-6,618,0.0,0,0,0,0,0,0,36
8482475,R,2025-2026,Pittsburgh Penguins,NHL,43,18,18,36,4,4,937,0.333333,4,0,2,6,0,0,104
8471675,C,2025-2026,Pittsburgh Penguins,NHL,68,29,45,74,44,0,1154,0.551749,4,1,10,23,0,0,160
8480980,C,2025-2026,Pittsburgh Penguins,NHL,78,14,16,30,19,16,835,0.474138,2,0,0,0,1,2,110
8480842,C,2025-2026,Pittsburgh Penguins,NHL,13,1,3,4,2,4,789,0.0,1,0,0,0,1,1,22
8475763,R,2025-2026,Pittsburgh Penguins,NHL,28,4,4,8,8,-1,748,0.402878,1,0,0,0,0,0,45
8485414,C,2025-2026,Pittsburgh Penguins,NHL,77,17,18,35,18,-5,904,0.436055,4,0,4,10,1,2,151
8482758,R,2025-2026,Pittsburgh Penguins,NHL,39,2,5,7,10,-10,764,1.0,0,0,1,4,0,0,36
8481481,C,2025-2026,Pittsburgh Penguins,NHL,55,7,12,19,25,6,832,0.5,1,0,0,0,1,1,49
8471215,C,2025-2026,Pittsburgh Penguins,NHL,56,19,42,61,61,13,1056,0.444898,3,0,4,22,0,0,148
8477511,R,2025-2026,Pittsburgh Penguins,NHL,81,33,31,64,43,10,911,0.304348,2,0,7,13,0,0,152
8478438,C,2025-2026,Pittsburgh Penguins,NHL,82,16,26,42,24,1,857,0.428571,2,1,5,7,0,0,130
8476483,R,2025-2026,Pittsburgh Penguins,NHL,60,24,24,48,8,-2,1137,0.36,1,0,7,16,1,2,166
8475810,R,2025-2026,Pittsburgh Penguins,NHL,72,29,36,65,26,0,1197,0.133333,4,0,8,24,1,2,183
8481725,L,2025-2026,Detroit Red Wings,NHL,39,2,1,3,12,-4,641,0.333333,1,0,0,0,0,0,42
8481725,L,2025-2026,Pittsburgh Penguins,NHL,20,5,5,10,11,3,717,0.5,0,0,0,0,0,0,27
8477365,D,2025-2026,Pittsburgh Penguins,NHL,50,2,4,6,53,5,1006,0.0,1,0,0,0,0,0,35
8479398,D,2025-2026,Colorado Avalanche,NHL,40,3,9,12,15,12,1061,0.0,1,0,0,0,0,0,31
8479398,D,2025-2026,Pittsburgh Penguins,NHL,20,0,7,7,8,5,1136,0.0,0,0,0,0,0,0,10
8477435,D,2025-2026,Pittsburgh Penguins,NHL,22,1,0,1,10,-3,918,0.0,0,0,0,0,0,0,21
8474578,D,2025-2026,Pittsburgh Penguins,NHL,75,15,51,66,22,8,1416,0.0,0,0,4,26,0,0,176
8471724,D,2025-2026,Pittsburgh Penguins,NHL,74,3,31,34,38,-4,1301,0.0,2,2,1,10,0,0,104
8486169,D,2025-2026,Pittsburgh Penguins,NHL,1,0,0,0,0,-2,1514,0.0,0,0,0,0,0,0,0
8478854,D,2025-2026,Pittsburgh Penguins,NHL,80,6,29,35,22,30,1133,0.0,0,0,0,0,0,0,72
8482470,D,2025-2026,Colorado Avalanche,NHL,16,1,2,3,6,-1,694,0.0,0,0,0,0,0,0,14
8482470,D,2025-2026,Pittsburgh Penguins,NHL,14,0,5,5,10,1,846,0.0,0,0,0,0,0,0,9
8481030,D,2025-2026,Pittsburgh Penguins,NHL,20,0,7,7,6,4,980,0.0,0,0,0,0,0,0,17
8478450,D,2025-2026,Pittsburgh Penguins,NHL,80,3,27,30,55,17,1210,0.0,1,0,0,0,0,2,70
8479022,C,2025-2026,Philadelphia Flyers,NHL,42,3,7,10,22,-1,630,0.521452,0,0,0,0,1,2,43
8484142,C,2025-2026,Philadelphia Flyers,NHL,43,5,12,17,16,-6,804,0.388889,0,0,1,4,0,0,43
8483731,L,2025-2026,Philadelphia Flyers,NHL,17,5,4,9,2,3,758,0.0,1,0,0,0,0,0,23
8480220,L,2025-2026,Philadelphia Flyers,NHL,82,18,29,47,44,26,975,0.453398,4,2,3,9,1,1,132
8476461,C,2025-2026,Philadelphia Flyers,NHL,78,12,24,36,30,-5,999,0.542024,2,0,0,1,0,0,119
8477989,C,2025-2026,Philadelphia Flyers,NHL,80,18,33,51,27,11,1108,0.545061,2,0,3,5,0,1,151
8482159,R,2025-2026,Philadelphia Flyers,NHL,29,13,4,17,22,8,1038,0.5,2,0,3,4,0,0,61
8476822,C,2025-2026,New Jersey Devils,NHL,52,0,4,4,4,-11,594,0.516634,0,0,0,0,0,1,30
8476822,C,2025-2026,Philadelphia Flyers,NHL,18,2,3,5,4,4,743,0.572464,0,0,0,0,0,0,20
8483733,R,2025-2026,Philadelphia Flyers,NHL,55,4,10,14,46,-7,677,0.666667,0,0,0,0,0,0,32
8479336,R,2025-2026,Philadelphia Flyers,NHL,47,9,4,13,19,7,711,0.28,1,0,0,0,0,1,56
8477903,R,2025-2026,Philadelphia Flyers,NHL,66,1,2,3,59,-6,624,0.6,0,0,0,0,0,0,34
8478439,R,2025-2026,Philadelphia Flyers,NHL,77,27,41,68,59,14,1145,0.377358,2,0,2,14,1,2,168
8485406,R,2025-2026,Philadelphia Flyers,NHL,9,4,6,10,6,4,1022,0.333333,1,1,2,4,0,0,32
8484387,R,2025-2026,Philadelphia Flyers,NHL,81,20,31,51,71,0,890,0.083333,3,1,4,12,0,0,163
8480015,R,2025-2026,Philadelphia Flyers,NHL,81,28,23,51,32,-6,1011,0.3,2,0,3,7,3,3,220
8475253,L,2025-2026,Philadelphia Flyers,NHL,3,0,0,0,5,0,521,0.0,0,0,0,0,0,0,3
8481533,C,2025-2026,Philadelphia Flyers,NHL,81,26,41,67,62,0,1123,0.341146,5,1,10,23,0,0,167
8482126,D,2025-2026,Philadelphia Flyers,NHL,61,2,11,13,22,15,920,0.666667,0,0,0,1,0,0,36
8482142,D,2025-2026,Philadelphia Flyers,NHL,78,8,24,32,33,-3,1293,0.0,3,0,1,9,0,0,101
8478454,D,2025-2026,Philadelphia Flyers,NHL,52,1,9,10,15,3,829,0.0,0,0,0,0,0,0,26
8477499,D,2025-2026,Philadelphia Flyers,NHL,44,1,13,14,16,10,1283,0.0,0,0,0,1,0,2,58
8477948,D,2025-2026,Philadelphia Flyers,NHL,81,11,26,37,20,12,1453,0.0,1,1,1,3,1,3,95
8476372,D,2025-2026,Philadelphia Flyers,NHL,80,4,6,10,38,1,1061,0.0,0,0,0,0,0,0,94
8481546,D,2025-2026,Philadelphia Flyers,NHL,74,4,22,26,28,5,1352,0.0,1,0,1,7,0,0,89
8478020,R,2025-2026,Ottawa Senators,NHL,81,15,20,35,18,13,967,0.368421,2,0,0,0,0,1,96
8480208,R,2025-2026,Ottawa Senators,NHL,78,32,38,70,33,-7,1041,0.583333,5,0,12,29,0,0,165
8476393,C,2025-2026,Ottawa Senators,NHL,80,9,14,23,92,9,684,0.464286,1,0,0,0,0,0,76
8481528,C,2025-2026,Ottawa Senators,NHL,81,27,31,58,59,-8,1021,0.533825,3,0,13,29,0,0,201
8474189,C,2025-2026,Ottawa Senators,NHL,67,5,10,15,12,6,684,0.542904,2,0,0,0,1,1,67
8477998,L,2025-2026,Los Angeles Kings,NHL,47,7,2,9,14,-6,885,0.375,1,0,0,0,0,0,78
8477998,L,2025-2026,Ottawa Senators,NHL,20,5,2,7,4,6,681,1.0,3,0,0,0,0,0,25
8473512,R,2025-2026,Ottawa Senators,NHL,81,14,33,47,22,19,977,0.626276,3,0,1,12,0,0,132
8482092,C,2025-2026,Ottawa Senators,NHL,76,13,22,35,81,12,1001,0.50996,2,0,1,3,1,1,129
8483676,C,2025-2026,Ottawa Senators,NHL,29,4,7,11,2,0,500,0.390625,0,0,0,3,0,0,32
8478173,R,2025-2026,Ottawa Senators,NHL,9,0,0,0,11,-1,382,0.0,0,0,0,0,0,0,3
8477073,L,2025-2026,Ottawa Senators,NHL,18,0,1,1,33,-5,240,0.0,0,0,0,0,0,0,2
8481596,C,2025-2026,Ottawa Senators,NHL,71,23,22,45,42,5,1123,0.517241,2,0,5,5,2,4,154
8482116,C,2025-2026,Ottawa Senators,NHL,80,34,49,83,39,7,1216,0.529781,5,2,9,29,2,2,194
8480801,L,2025-2026,Ottawa Senators,NHL,60,22,37,59,71,4,1018,0.575658,3,1,5,20,1,1,221
8480188,L,2025-2026,Ottawa Senators,NHL,81,17,15,32,16,-1,775,0.375,3,0,5,7,0,0,129
8478469,D,2025-2026,Ottawa Senators,NHL,57,7,24,31,22,6,1355,0.0,0,0,2,7,1,2,99
8480075,D,2025-2026,Ottawa Senators,NHL,5,0,1,1,0,1,848,0.0,0,0,0,0,0,0,4
8478502,D,2025-2026,Ottawa Senators,NHL,7,0,1,1,2,0,737,0.0,0,0,0,0,0,0,2
8475324,D,2025-2026,Ottawa Senators,NHL,61,4,13,17,22,-2,1021,0.0,0,0,0,0,0,0,36
8482095,D,2025-2026,Ottawa Senators,NHL,70,3,15,18,53,2,1041,0.0,0,0,0,0,0,2,90
8484321,D,2025-2026,Ottawa Senators,NHL,49,0,5,5,16,-2,934,0.0,0,0,0,0,0,1,37
8482105,D,2025-2026,Ottawa Senators,NHL,67,14,40,54,8,16,1490,0.0,3,0,5,22,0,0,147
8481606,D,2025-2026,Ottawa Senators,NHL,72,7,23,30,22,15,1120,0.0,1,0,0,2,0,0,106
8481575,D,2025-2026,Ottawa Senators,NHL,10,0,2,2,0,3,803,0.0,0,0,0,0,0,0,8
8482245,D,2025-2026,Ottawa Senators,NHL,80,5,25,30,55,22,1246,0.0,0,0,0,0,0,0,88
8478463,R,2025-2026,Washington Capitals,NHL,82,15,13,28,30,7,948,0.505747,4,0,1,1,0,1,155
8479400,C,2025-2026,Washington Capitals,NHL,29,5,14,19,19,-4,1009,0.472585,0,0,3,6,0,0,42
8479520,L,2025-2026,Washington Capitals,NHL,82,4,5,9,78,-2,664,0.325581,0,0,0,0,1,1,64
8483573,R,2025-2026,Washington Capitals,NHL,62,12,12,24,18,8,734,0.166667,0,0,2,4,0,0,91
8480144,C,2025-2026,Vancouver Canucks,NHL,38,2,4,6,10,-12,902,0.526902,0,0,0,0,0,0,36
8480144,C,2025-2026,Washington Capitals,NHL,2,0,0,0,2,-1,544,0.357143,0,0,0,0,0,0,0
8482148,C,2025-2026,Washington Capitals,NHL,74,4,12,16,31,0,530,0.398671,0,0,0,0,0,0,53
8484186,R,2025-2026,Washington Capitals,NHL,75,20,25,45,47,2,865,0.545455,3,0,4,14,0,0,153
8481580,L,2025-2026,Washington Capitals,NHL,78,14,32,46,30,8,1014,0.428803,5,1,2,5,0,1,142
8483491,L,2025-2026,Washington Capitals,NHL,13,2,1,3,2,1,578,0.0,0,0,0,0,0,0,12
8471214,L,2025-2026,Washington Capitals,NHL,82,32,32,64,26,-5,1047,0.5,5,0,5,19,0,0,244
8481656,L,2025-2026,Washington Capitals,NHL,76,25,27,52,20,20,1094,0.447761,5,0,0,1,2,3,159
8484999,L,2025-2026,Washington Capitals,NHL,4,1,3,4,2,1,954,0.452381,0,0,1,1,0,0,7
8482088,C,2025-2026,Washington Capitals,NHL,78,15,20,35,35,17,884,0.459302,1,1,3,3,0,0,108
8478440,C,2025-2026,Washington Capitals,NHL,80,19,39,58,46,2,1082,0.582459,2,0,6,21,0,0,143
8476880,R,2025-2026,Washington Capitals,NHL,72,30,32,62,117,15,1168,0.447368,3,0,7,12,1,1,153
8480990,D,2025-2026,Washington Capitals,NHL,26,1,6,7,4,3,824,0.0,0,0,0,0,0,0,20
8479345,D,2025-2026,Washington Capitals,NHL,80,26,34,60,62,20,1400,0.0,8,2,8,18,0,0,221
8480796,D,2025-2026,Washington Capitals,NHL,81,5,22,27,39,15,1157,0.0,0,0,0,0,0,0,73
8484873,D,2025-2026,Washington Capitals,NHL,14,3,7,10,8,-3,1047,0.0,0,0,1,6,0,0,22
8480043,D,2025-2026,San Jose Sharks,NHL,43,1,10,11,27,-7,1208,0.0,0,0,0,2,0,0,35
8480043,D,2025-2026,Washington Capitals,NHL,4,0,0,0,2,0,1015,0.0,0,0,0,0,0,0,5
8475795,D,2025-2026,Washington Capitals,NHL,13,0,0,0,10,-1,559,0.0,0,0,0,0,0,0,5
8478911,D,2025-2026,Washington Capitals,NHL,79,2,17,19,12,18,1237,0.0,0,0,0,0,0,0,94
8480873,D,2025-2026,Washington Capitals,NHL,73,5,24,29,12,4,1152,0.0,1,0,0,1,0,0,90
8477845,D,2025-2026,Washington Capitals,NHL,68,3,11,14,18,6,974,0.0,2,0,0,0,0,0,44
8477964,L,2025-2026,Vegas Golden Knights,NHL,81,23,38,61,14,20,973,0.226415,3,0,2,6,0,0,133
8481604,R,2025-2026,Vegas Golden Knights,NHL,81,37,27,64,24,-3,1054,0.0,4,0,20,30,0,0,227
8475343,C,2025-2026,Washington Capitals,NHL,55,4,12,16,53,-6,933,0.486945,0,0,0,0,0,0,48
8475343,C,2025-2026,Vegas Golden Knights,NHL,19,1,3,4,20,1,705,0.5,0,0,0,0,1,1,18
8478403,C,2025-2026,Vegas Golden Knights,NHL,73,27,61,88,18,20,1273,0.476314,6,3,1,28,1,3,256
8476881,C,2025-2026,Vegas Golden Knights,NHL,81,24,33,57,39,-17,1023,0.579628,4,2,13,25,0,0,201
8482125,R,2025-2026,Vegas Golden Knights,NHL,28,3,6,9,10,-1,689,0.214286,0,0,0,0,0,0,30
8479353,C,2025-2026,Vegas Golden Knights,NHL,57,12,10,22,41,-9,891,0.50099,1,0,0,3,0,0,65
8476448,C,2025-2026,Vegas Golden Knights,NHL,14,4,3,7,4,-1,909,0.575949,1,0,1,1,1,1,30
8478434,R,2025-2026,Vegas Golden Knights,NHL,81,6,11,17,55,-17,692,0.387097,0,0,0,0,0,1,67
8478483,R,2025-2026,Vegas Golden Knights,NHL,80,23,56,79,24,16,1200,0.403794,1,0,5,24,0,1,163
8476438,L,2025-2026,Vegas Golden Knights,NHL,49,3,6,9,14,-7,803,0.290323,0,0,0,0,0,0,78
8476925,C,2025-2026,Vegas Golden Knights,NHL,65,6,5,11,28,-10,749,0.564437,2,0,0,2,0,0,73
8482062,R,2025-2026,Nashville Predators,NHL,42,6,4,10,31,-7,847,0.25,1,0,0,0,0,1,51
8482062,R,2025-2026,Vegas Golden Knights,NHL,20,2,0,2,9,0,699,0.5,1,0,0,0,0,0,18
8475191,R,2025-2026,Vegas Golden Knights,NHL,68,14,9,23,4,-11,821,0.320755,3,1,1,1,1,1,90
8475913,R,2025-2026,Vegas Golden Knights,NHL,59,28,45,73,9,25,1154,0.285714,4,2,9,27,1,2,128
8478397,D,2025-2026,Calgary Flames,NHL,48,10,20,30,53,3,1454,0.0,0,0,4,10,0,0,112
8478397,D,2025-2026,Vegas Golden Knights,NHL,32,7,9,16,18,0,1302,0.0,0,0,2,3,1,1,64
8478396,D,2025-2026,Vegas Golden Knights,NHL,70,3,25,28,14,-1,1355,0.0,0,0,0,7,0,0,134
8477018,D,2025-2026,Vegas Golden Knights,NHL,55,6,9,15,19,2,875,0.0,1,0,0,0,0,0,71
8481527,D,2025-2026,Vegas Golden Knights,NHL,77,3,12,15,26,6,959,0.0,0,0,0,0,0,0,59
8478468,D,2025-2026,Vegas Golden Knights,NHL,67,1,12,13,89,-3,1032,0.0,0,0,0,0,0,0,73
8475188,D,2025-2026,Vegas Golden Knights,NHL,62,5,6,11,26,0,1233,0.0,1,0,0,0,0,0,80
8477447,D,2025-2026,Vegas Golden Knights,NHL,69,9,29,38,24,17,1374,0.0,3,0,2,5,0,0,128
8479619,L,2025-2026,Utah Mammoth,NHL,78,15,15,30,22,3,760,0.451613,0,0,3,4,0,0,144
8483431,C,2025-2026,Utah Mammoth,NHL,53,24,19,43,26,5,1044,0.444444,3,1,6,10,2,2,102
8478474,L,2025-2026,Utah Mammoth,NHL,80,23,20,43,46,22,994,0.345679,4,0,1,1,1,2,139
8482699,R,2025-2026,Utah Mammoth,NHL,79,40,33,73,28,7,1044,0.412698,6,3,9,24,0,0,242
8480849,C,2025-2026,Utah Mammoth,NHL,67,10,15,25,54,3,907,0.526384,1,0,4,6,0,0,119
8479343,R,2025-2026,Utah Mammoth,NHL,81,26,60,86,38,22,1144,0.382353,6,4,3,27,0,0,224
8477021,C,2025-2026,Utah Mammoth,NHL,33,7,6,13,23,0,760,0.5,0,0,0,0,0,1,28
8480855,C,2025-2026,Utah Mammoth,NHL,75,9,16,25,84,11,831,0.513261,1,0,0,0,1,2,106
8477070,C,2025-2026,Utah Mammoth,NHL,37,3,1,4,43,-6,544,0.666667,0,0,0,0,0,0,34
8482175,R,2025-2026,Utah Mammoth,NHL,81,25,21,46,28,7,955,0.333333,4,0,3,5,0,0,156
8479291,C,2025-2026,Utah Mammoth,NHL,1,1,0,1,0,1,584,0.25,0,0,0,0,0,0,1
8477951,C,2025-2026,Utah Mammoth,NHL,81,33,41,74,28,19,1184,0.46097,9,1,11,20,2,2,205
8478831,C,2025-2026,Utah Mammoth,NHL,79,4,14,18,24,-9,869,0.540853,0,0,0,0,1,2,66
8479293,L,2025-2026,Utah Mammoth,NHL,55,0,3,3,50,-15,559,0.214286,0,0,0,0,0,0,41
8479977,R,2025-2026,Utah Mammoth,NHL,58,12,10,22,14,12,705,0.411765,2,0,0,0,0,0,58
8474013,D,2025-2026,Utah Mammoth,NHL,81,3,20,23,50,17,1098,0.0,0,0,0,0,0,1,62
8480084,D,2025-2026,Utah Mammoth,NHL,39,2,6,8,10,5,849,0.0,1,0,0,0,0,0,33
8480434,D,2025-2026,Utah Mammoth,NHL,60,5,22,27,50,-12,1156,0.0,2,1,0,4,0,0,84
8478507,D,2025-2026,Utah Mammoth,NHL,79,4,31,35,16,42,1213,0.0,2,0,0,0,1,2,53
8477220,D,2025-2026,Utah Mammoth,NHL,81,5,17,22,22,31,1184,0.0,1,0,0,0,0,0,84
8479410,D,2025-2026,Utah Mammoth,NHL,77,10,49,59,44,3,1461,0.0,1,0,5,26,0,2,158
8484386,D,2025-2026,Utah Mammoth,NHL,27,0,1,1,23,-11,913,0.0,0,0,0,0,0,0,25
8477346,D,2025-2026,Calgary Flames,NHL,60,3,18,21,69,-35,1387,0.0,0,0,0,5,0,1,125
8477346,D,2025-2026,Utah Mammoth,NHL,18,1,4,5,17,2,1235,0.0,0,0,0,1,0,0,28
8478891,C,2025-2026,Detroit Red Wings,NHL,65,6,8,14,44,-4,811,0.272727,2,0,0,0,0,1,63
8484794,R,2025-2026,Detroit Red Wings,NHL,13,0,1,1,2,-4,733,0.0,0,0,0,0,0,0,17
8477456,L,2025-2026,Detroit Red Wings,NHL,81,11,17,28,25,-11,940,0.507389,1,0,0,1,0,0,94
8477429,C,2025-2026,Detroit Red Wings,NHL,78,9,34,43,24,5,995,0.539326,1,1,1,8,0,0,113
8479337,R,2025-2026,Detroit Red Wings,NHL,81,41,43,84,19,9,1110,0.38,6,2,15,23,0,0,286
8484471,C,2025-2026,Detroit Red Wings,NHL,81,13,17,30,6,-10,930,0.446602,1,0,4,8,0,0,120
8474141,R,2025-2026,Detroit Red Wings,NHL,66,16,41,57,16,2,1061,0.333333,4,0,2,19,0,0,167
8483464,C,2025-2026,Detroit Red Wings,NHL,80,9,10,19,33,-18,824,0.517321,2,0,1,2,0,1,129
8477946,C,2025-2026,Detroit Red Wings,NHL,74,34,33,67,48,3,1211,0.52882,9,4,14,24,1,1,229
8482802,L,2025-2026,Detroit Red Wings,NHL,7,0,0,0,0,-2,621,0.0,0,0,0,0,0,0,3
8474102,L,2025-2026,Ottawa Senators,NHL,49,10,15,25,22,2,806,0.375,1,0,3,8,0,0,69
8474102,L,2025-2026,Detroit Red Wings,NHL,15,3,0,3,18,-8,827,0.0,0,0,0,0,0,0,23
8479992,C,2025-2026,Detroit Red Wings,NHL,64,6,8,14,8,-10,759,0.461538,0,0,0,0,1,1,65
8482078,L,2025-2026,Detroit Red Wings,NHL,79,25,51,76,22,3,1130,1.0,5,0,7,27,0,0,169
8479942,R,2025-2026,Detroit Red Wings,NHL,18,3,0,3,7,0,416,0.454545,0,0,0,0,0,0,13
8474037,L,2025-2026,Detroit Red Wings,NHL,71,15,16,31,14,-14,701,0.384615,1,0,7,11,0,0,98
8480879,D,2025-2026,Detroit Red Wings,NHL,63,1,4,5,25,0,889,0.0,0,0,0,0,0,0,41
8475279,D,2025-2026,Detroit Red Wings,NHL,81,5,9,14,75,-8,1251,0.0,0,0,0,0,0,0,102
8482762,D,2025-2026,Detroit Red Wings,NHL,71,9,16,25,75,15,1348,0.0,2,1,0,1,0,1,87
8475753,D,2025-2026,St. Louis Blues,NHL,61,11,21,32,32,-3,1350,0.0,3,0,2,9,0,1,116
8475753,D,2025-2026,Detroit Red Wings,NHL,16,4,3,7,10,-4,1217,0.0,0,0,0,0,0,0,30
8474612,D,2025-2026,Detroit Red Wings,NHL,25,0,2,2,29,-10,856,0.0,0,0,0,0,0,0,19
8481607,D,2025-2026,Detroit Red Wings,NHL,81,3,8,11,16,-16,957,0.0,1,0,0,0,1,2,61
8484223,D,2025-2026,Detroit Red Wings,NHL,67,7,14,21,18,-20,974,0.0,1,0,1,7,0,0,68
8481542,D,2025-2026,Detroit Red Wings,NHL,81,10,50,60,57,19,1547,0.0,2,1,3,28,0,0,184
8479944,L,2025-2026,Columbus Blue Jackets,NHL,27,1,4,5,12,-1,584,0.28,0,0,0,0,0,0,17
8475745,C,2025-2026,Columbus Blue Jackets,NHL,82,20,38,58,14,3,1086,0.507293,3,0,7,13,0,0,144
8483432,C,2025-2026,Columbus Blue Jackets,NHL,14,0,1,1,4,-2,546,0.383333,0,0,0,0,0,0,11
8484166,C,2025-2026,Columbus Blue Jackets,NHL,82,24,35,59,38,-13,1134,0.498195,3,2,4,13,0,0,214
8478856,R,2025-2026,Vancouver Canucks,NHL,50,7,19,26,30,-15,1137,0.37931,1,0,1,9,1,1,103
8478856,R,2025-2026,Columbus Blue Jackets,NHL,21,5,2,7,4,-6,781,0.75,0,0,1,1,0,0,34
8478046,L,2025-2026,Pittsburgh Penguins,NHL,13,1,1,2,8,1,700,0.3125,0,0,0,0,0,0,14
8478046,L,2025-2026,Columbus Blue Jackets,NHL,33,5,5,10,8,6,673,0.444444,0,0,0,0,0,0,30
8476432,C,2025-2026,Columbus Blue Jackets,NHL,67,13,25,38,44,3,965,0.526316,3,0,1,3,0,1,132
8482660,C,2025-2026,Columbus Blue Jackets,NHL,76,7,15,22,20,-8,794,0.0,0,0,1,2,0,0,114
8480806,C,2025-2026,Columbus Blue Jackets,NHL,68,4,8,12,4,-2,743,0.521401,0,0,0,0,0,0,53
8480893,R,2025-2026,Columbus Blue Jackets,NHL,76,27,40,67,32,7,1137,0.5,7,1,6,23,1,1,218
8478975,L,2025-2026,Seattle Kraken,NHL,29,4,9,13,26,-4,1017,0.322581,1,0,0,3,0,0,46
8478975,L,2025-2026,Columbus Blue Jackets,NHL,39,15,17,32,30,21,1061,0.454545,2,0,3,4,0,0,73
8477497,C,2025-2026,Columbus Blue Jackets,NHL,78,13,23,36,12,-1,1027,0.522951,3,0,1,10,2,2,131
8479671,R,2025-2026,Columbus Blue Jackets,NHL,61,15,11,26,101,13,854,0.181818,3,0,0,0,0,0,93
8482705,C,2025-2026,Columbus Blue Jackets,NHL,81,8,25,33,37,2,913,0.413793,1,0,0,1,0,0,136
8481716,L,2025-2026,Columbus Blue Jackets,NHL,63,17,15,32,59,-1,836,0.24,1,1,7,9,0,0,110
8477425,L,2025-2026,Columbus Blue Jackets,NHL,54,8,6,14,26,-10,711,0.266667,1,1,0,0,0,1,71
8481161,D,2025-2026,Columbus Blue Jackets,NHL,40,0,3,3,8,-7,603,0.0,0,0,0,0,0,0,26
8479371,D,2025-2026,Columbus Blue Jackets,NHL,74,5,6,11,33,-16,994,0.0,1,0,0,0,0,0,68
8475790,D,2025-2026,Columbus Blue Jackets,NHL,37,1,2,3,19,6,1066,0.0,0,0,0,0,0,0,34
8483485,D,2025-2026,Columbus Blue Jackets,NHL,75,13,18,31,8,12,1151,0.0,0,0,1,3,0,0,88
8478500,D,2025-2026,Columbus Blue Jackets,NHL,82,9,22,31,32,14,1489,0.0,0,0,1,5,0,0,158
8476923,D,2025-2026,Columbus Blue Jackets,NHL,71,8,24,32,45,18,1264,0.0,2,0,1,4,0,0,93
8474090,D,2025-2026,Columbus Blue Jackets,NHL,15,0,2,2,11,-1,665,0.0,0,0,0,0,0,0,10
8478460,D,2025-2026,Columbus Blue Jackets,NHL,75,22,59,81,18,7,1597,0.0,2,0,4,21,0,1,260
8481178,D,2025-2026,Philadelphia Flyers,NHL,13,0,1,1,4,4,842,0.0,0,0,0,0,0,0,9
8481178,D,2025-2026,Columbus Blue Jackets,NHL,20,0,2,2,0,2,747,0.0,0,0,0,0,0,0,9
8482703,C,2025-2026,Chicago Blackhawks,NHL,53,3,6,9,47,-15,701,0.366197,1,0,1,2,0,0,52
8482703,C,2025-2026,Edmonton Oilers,NHL,7,1,1,2,0,-2,578,0.0,0,0,0,0,0,0,5
8477450,C,2025-2026,Chicago Blackhawks,NHL,47,6,7,13,10,-7,942,0.494935,1,0,0,0,1,2,52
8477450,C,2025-2026,Edmonton Oilers,NHL,17,1,3,4,10,-3,903,0.48731,0,0,0,0,0,0,21
8477934,C,2025-2026,Edmonton Oilers,NHL,65,35,62,97,26,13,1295,0.569356,3,1,16,42,1,1,186
8479365,C,2025-2026,Edmonton Oilers,NHL,73,4,3,7,58,-17,659,0.570513,1,0,0,0,0,0,76
8474641,C,2025-2026,Edmonton Oilers,NHL,64,3,12,15,16,-11,795,0.54,0,0,0,3,0,2,91
8483455,L,2025-2026,Edmonton Oilers,NHL,29,2,3,5,12,-6,619,0.0,0,0,0,0,0,0,36
8475786,L,2025-2026,Edmonton Oilers,NHL,57,31,20,51,28,12,1201,0.0,2,1,10,14,0,0,158
8477406,C,2025-2026,Edmonton Oilers,NHL,43,1,7,8,22,-8,711,0.368421,0,0,0,0,0,1,24
8479368,L,2025-2026,Edmonton Oilers,NHL,21,3,2,5,9,3,501,0.0,2,0,0,0,0,0,22
8477953,R,2025-2026,Edmonton Oilers,NHL,40,8,9,17,14,5,877,0.0,0,0,0,0,0,0,64
8477508,C,2025-2026,Edmonton Oilers,NHL,44,4,2,6,10,-2,533,0.616197,1,0,0,0,0,0,29
8478402,C,2025-2026,Edmonton Oilers,NHL,81,48,86,134,42,15,1383,0.49069,4,1,13,52,1,2,303
8476454,C,2025-2026,Edmonton Oilers,NHL,71,19,36,55,21,-10,1145,0.467236,2,0,10,28,0,1,129
8481617,R,2025-2026,Edmonton Oilers,NHL,81,19,18,37,63,16,921,0.323077,5,0,1,3,0,0,136
8478458,C,2025-2026,Edmonton Oilers,NHL,68,21,15,36,16,-9,946,0.522727,5,2,4,6,0,0,140
8484509,C,2025-2026,Edmonton Oilers,NHL,23,1,2,3,6,0,623,0.495238,0,0,0,0,0,0,8
8483512,C,2025-2026,Edmonton Oilers,NHL,81,15,19,34,24,4,886,0.4,4,0,4,6,2,2,132
8480803,D,2025-2026,Edmonton Oilers,NHL,81,21,71,92,30,22,1483,0.0,5,3,7,33,0,2,219
8475218,D,2025-2026,Edmonton Oilers,NHL,81,6,35,41,30,30,1235,0.0,2,0,0,3,0,0,131
8480834,D,2025-2026,Edmonton Oilers,NHL,71,2,10,12,23,0,928,0.0,1,0,0,0,0,0,43
8476473,D,2025-2026,Chicago Blackhawks,NHL,60,4,9,13,46,-3,994,0.0,0,0,0,0,0,1,55
8476473,D,2025-2026,Edmonton Oilers,NHL,19,1,2,3,20,-1,1239,0.0,0,0,0,0,0,0,13
8477498,D,2025-2026,Edmonton Oilers,NHL,81,7,16,23,104,-13,1259,0.0,0,0,0,0,0,2,162
8481056,D,2025-2026,Nashville Predators,NHL,30,1,8,9,10,-1,892,0.0,0,0,0,0,0,1,30
8481056,D,2025-2026,Edmonton Oilers,NHL,36,1,0,1,10,-10,962,0.0,0,0,0,0,0,0,26
8478013,D,2025-2026,Edmonton Oilers,NHL,52,8,12,20,10,-16,1124,0.0,1,1,1,2,2,2,93
8478445,C,2025-2026,New York Islanders,NHL,81,19,53,72,61,10,1239,0.397727,4,2,2,20,0,0,184
8475231,C,2025-2026,New York Islanders,NHL,81,10,8,18,20,-3,706,0.546729,0,0,0,0,1,2,80
8477407,L,2025-2026,New York Islanders,NHL,62,12,15,27,12,0,792,0.4,2,0,4,6,0,0,74
8483553,C,2025-2026,New York Islanders,NHL,49,3,4,7,10,-3,605,0.25,0,0,0,0,0,0,55
8482476,L,2025-2026,New York Islanders,NHL,82,22,9,31,18,-13,997,0.35,1,0,4,4,0,0,174
8481601,R,2025-2026,New York Islanders,NHL,79,19,22,41,16,4,1004,0.235294,5,2,1,4,2,4,100
8477500,C,2025-2026,New York Islanders,NHL,68,31,26,57,40,8,1246,0.562806,7,2,7,16,1,1,226
8475314,L,2025-2026,New York Islanders,NHL,82,19,23,42,44,0,938,0.53719,4,0,5,8,0,0,199
8481237,C,2025-2026,New York Islanders,NHL,59,2,5,7,40,-6,631,0.607595,0,0,0,0,0,0,43
8476419,C,2025-2026,New York Islanders,NHL,74,17,18,35,4,0,940,0.59095,4,2,0,1,3,7,81
8476292,L,2025-2026,New Jersey Devils,NHL,51,4,6,10,12,-5,765,0.428571,0,0,0,1,0,0,53
8476292,L,2025-2026,New York Islanders,NHL,29,1,4,5,2,-6,777,0.5,0,0,1,1,0,0,30
8475151,C,2025-2026,New York Islanders,NHL,25,6,12,18,8,-2,1133,0.5,1,0,1,5,1,1,71
8475170,C,2025-2026,St. Louis Blues,NHL,61,12,16,28,49,-23,1001,0.54173,2,0,3,6,0,0,87
8475170,C,2025-2026,New York Islanders,NHL,19,6,5,11,19,-5,1024,0.538043,0,0,1,3,0,0,32
8485702,R,2025-2026,New York Islanders,NHL,44,5,13,18,2,-5,821,0.0,0,0,0,5,0,0,56
8480871,D,2025-2026,New York Islanders,NHL,28,0,4,4,8,-9,786,0.0,0,0,0,1,0,0,17
8477950,D,2025-2026,New York Islanders,NHL,76,5,30,35,43,-5,1148,0.0,1,0,1,7,0,0,148
8476429,D,2025-2026,New York Islanders,NHL,80,2,13,15,83,-11,988,0.0,0,0,0,0,0,0,71
8476917,D,2025-2026,New York Islanders,NHL,82,4,12,16,50,4,1253,0.0,2,0,0,0,1,2,122
8477506,D,2025-2026,New York Islanders,NHL,76,3,24,27,16,9,1249,0.0,0,0,0,1,0,1,93
8481014,D,2025-2026,New York Islanders,NHL,15,0,1,1,6,-7,1167,0.0,0,0,0,0,0,0,17
8485366,D,2025-2026,New York Islanders,NHL,82,23,36,59,38,13,1481,0.0,4,2,8,18,0,0,222
8477369,D,2025-2026,New York Rangers,NHL,46,3,5,8,18,4,1033,0.0,0,0,0,0,0,0,39
8477369,D,2025-2026,New York Islanders,NHL,30,2,2,4,20,-10,927,0.0,0,0,0,0,0,0,23
8484153,C,2025-2026,Anaheim Ducks,NHL,69,29,37,66,33,4,1150,0.443867,3,1,4,17,2,3,186
8483445,L,2025-2026,Anaheim Ducks,NHL,75,40,28,68,26,-3,1034,0.490385,7,1,11,19,0,0,279
8475798,C,2025-2026,Anaheim Ducks,NHL,57,19,19,38,18,-10,1152,0.498674,2,2,8,11,0,0,114
8478424,C,2025-2026,Anaheim Ducks,NHL,44,3,5,8,28,-6,575,0.513514,0,0,0,0,0,0,37
8477527,L,2025-2026,Anaheim Ducks,NHL,62,3,11,14,107,0,585,0.454545,0,0,0,0,0,0,33
8473986,L,2025-2026,Anaheim Ducks,NHL,81,14,18,32,40,-3,1000,0.330579,2,0,3,5,0,1,145
8475184,L,2025-2026,Anaheim Ducks,NHL,74,22,28,50,34,-4,1023,0.357143,3,1,8,17,0,0,138
8482745,C,2025-2026,Anaheim Ducks,NHL,74,17,23,40,42,-16,918,0.486911,3,0,6,11,0,0,143
8480068,C,2025-2026,Anaheim Ducks,NHL,74,11,24,35,12,7,902,0.483712,2,0,0,1,2,4,92
8484762,R,2025-2026,Anaheim Ducks,NHL,81,23,37,60,62,-11,1052,0.6,2,1,1,13,1,1,196
8478873,R,2025-2026,Anaheim Ducks,NHL,60,18,38,56,14,11,1101,0.4,2,1,0,11,2,4,157
8478366,R,2025-2026,Anaheim Ducks,NHL,50,5,4,9,40,-15,709,0.428571,1,0,0,1,0,0,79
8479705,L,2025-2026,Boston Bruins,NHL,10,0,0,0,30,-1,570,0.5,0,0,0,0,0,0,11
8479705,L,2025-2026,Anaheim Ducks,NHL,34,3,6,9,47,-4,759,0.0,0,0,0,0,0,0,50
8485512,C,2025-2026,Anaheim Ducks,NHL,38,2,3,5,14,-6,726,0.574468,0,0,0,0,0,0,33
8474590,D,2025-2026,Washington Capitals,NHL,55,10,36,46,26,11,1372,0.0,0,0,0,9,0,0,115
8474590,D,2025-2026,Anaheim Ducks,NHL,15,4,8,12,4,-3,1466,0.0,1,0,2,5,0,0,38
8475462,D,2025-2026,Anaheim Ducks,NHL,56,2,11,13,67,-2,971,0.0,0,0,0,0,0,0,63
8481563,D,2025-2026,Anaheim Ducks,NHL,60,2,13,15,20,-4,1018,0.0,0,0,0,0,0,2,39
8482731,D,2025-2026,Anaheim Ducks,NHL,5,0,0,0,2,-1,960,0.0,0,0,0,0,0,0,8
8481605,D,2025-2026,Anaheim Ducks,NHL,81,9,48,57,19,-2,1453,0.0,0,0,3,17,1,2,151
8483490,D,2025-2026,Anaheim Ducks,NHL,72,8,14,22,17,-3,1108,0.0,2,0,0,2,0,1,79
8482178,D,2025-2026,Anaheim Ducks,NHL,66,4,8,12,24,-14,825,0.0,1,0,0,0,0,1,66
8476885,D,2025-2026,Anaheim Ducks,NHL,80,10,24,34,31,0,1370,0.0,1,1,0,1,0,1,166
8482803,D,2025-2026,Anaheim Ducks,NHL,76,7,15,22,34,4,1019,0.0,1,1,1,3,0,0,119
8476469,R,2025-2026,Los Angeles Kings,NHL,66,13,12,25,30,1,844,0.373626,1,0,1,1,4,5,91
8482124,R,2025-2026,Los Angeles Kings,NHL,78,23,25,48,46,-2,1200,0.454133,4,3,4,11,0,1,178
8477942,L,2025-2026,Los Angeles Kings,NHL,56,18,22,40,34,-11,1147,0.28,2,0,4,17,0,0,147
8482726,C,2025-2026,Los Angeles Kings,NHL,52,5,4,9,48,-5,479,0.450413,0,0,0,0,0,0,38
8478472,R,2025-2026,St. Louis Blues,NHL,39,2,9,11,4,-5,761,0.266667,1,0,0,0,1,1,29
8478472,R,2025-2026,Los Angeles Kings,NHL,11,0,0,0,5,-1,590,0.2,0,0,0,0,0,0,6
8477960,R,2025-2026,Los Angeles Kings,NHL,80,36,37,73,58,15,1157,0.360544,8,4,4,12,0,2,224
8471685,C,2025-2026,Los Angeles Kings,NHL,66,12,26,38,10,20,1147,0.571761,1,0,5,12,0,0,98
8483808,L,2025-2026,Los Angeles Kings,NHL,52,13,12,25,16,-4,895,0.0,3,0,8,13,0,0,69
8482155,R,2025-2026,Los Angeles Kings,NHL,81,21,22,43,16,3,1097,0.424242,3,0,3,5,2,2,207
8476872,C,2025-2026,Toronto Maple Leafs,NHL,43,8,4,12,17,-3,820,0.567073,1,0,0,0,2,2,53
8476872,C,2025-2026,Los Angeles Kings,NHL,20,5,3,8,14,-2,953,0.596296,1,0,1,2,0,0,40
8482408,L,2025-2026,Los Angeles Kings,NHL,58,3,6,9,55,-9,529,0.285714,0,0,0,0,0,0,54
8479675,L,2025-2026,Los Angeles Kings,NHL,68,13,18,31,8,-1,1003,0.210526,2,1,0,1,1,2,152
8478550,L,2025-2026,New York Rangers,NHL,52,19,38,57,14,-16,1255,1.0,3,0,2,17,0,0,158
8478550,L,2025-2026,Los Angeles Kings,NHL,25,9,18,27,6,10,1243,0.0,1,0,2,6,0,0,64
8481532,C,2025-2026,Los Angeles Kings,NHL,62,3,11,14,21,-8,650,0.541053,0,0,0,0,0,0,67
8483406,R,2025-2026,Los Angeles Kings,NHL,35,3,4,7,7,1,574,0.4,0,0,0,0,0,0,37
8483756,R,2025-2026,Los Angeles Kings,NHL,22,0,4,4,4,0,688,0.0,0,0,0,0,0,0,32
8479998,D,2025-2026,Los Angeles Kings,NHL,79,4,16,20,22,8,1233,0.0,1,0,0,0,0,0,60
8476879,D,2025-2026,Los Angeles Kings,NHL,81,1,8,9,16,-10,1053,0.0,0,0,0,0,0,1,59
8482730,D,2025-2026,Los Angeles Kings,NHL,81,8,32,40,63,11,1188,0.0,2,0,2,13,0,0,159
8474563,D,2025-2026,Los Angeles Kings,NHL,71,5,18,23,38,4,1386,0.0,0,0,0,1,0,1,100
8475208,D,2025-2026,Los Angeles Kings,NHL,81,2,15,17,20,0,1066,0.0,0,0,0,0,0,1,61
8476441,D,2025-2026,Los Angeles Kings,NHL,81,2,21,23,25,14,1110,0.0,0,0,0,3,0,1,101
8479421,D,2025-2026,Los Angeles Kings,NHL,15,0,0,0,0,-4,527,0.0,0,0,0,0,0,0,7
8475760,C,2025-2026,St. Louis Blues,NHL,35,6,1,7,25,-7,698,0.51145,1,0,0,0,1,1,54
8475760,C,2025-2026,New Jersey Devils,NHL,26,0,2,2,8,-4,600,0.460674,0,0,0,0,0,0,23
8479407,L,2025-2026,New Jersey Devils,NHL,82,22,49,71,12,-11,1126,0.272727,4,1,5,20,1,2,178
8477015,R,2025-2026,New Jersey Devils,NHL,75,18,25,43,22,-1,1053,0.307692,1,0,4,8,2,2,116
8481032,L,2025-2026,New Jersey Devils,NHL,79,9,6,15,19,-24,641,0.515152,2,1,0,1,0,0,61
8474149,L,2025-2026,New Jersey Devils,NHL,24,1,0,1,2,-6,639,0.0,0,0,0,0,0,0,21
8479996,C,2025-2026,New Jersey Devils,NHL,70,19,7,26,39,3,817,0.540179,3,0,1,2,0,0,104
8481721,R,2025-2026,New Jersey Devils,NHL,66,13,18,31,26,-3,910,0.307692,0,0,2,5,0,0,149
8480002,C,2025-2026,New Jersey Devils,NHL,82,28,38,66,29,-6,1243,0.557522,6,3,11,23,0,1,211
8481559,C,2025-2026,New Jersey Devils,NHL,61,27,50,77,10,0,1279,0.347722,5,1,4,23,1,2,228
8479772,R,2025-2026,New Jersey Devils,NHL,3,0,0,0,0,0,380,0.0,0,0,0,0,0,0,4
8478414,R,2025-2026,New Jersey Devils,NHL,77,24,20,44,22,-16,1111,0.456,5,0,6,10,0,0,269
8482110,C,2025-2026,New Jersey Devils,NHL,82,20,22,42,33,-2,1094,0.389078,1,0,4,7,3,3,158
8476474,R,2025-2026,New Jersey Devils,NHL,38,3,4,7,33,-12,705,0.484848,1,0,1,3,0,0,52
8484958,R,2025-2026,New York Islanders,NHL,27,1,1,2,6,-9,579,0.444444,0,0,0,0,0,0,22
8484958,R,2025-2026,New Jersey Devils,NHL,22,1,1,2,0,-8,508,0.5,0,0,0,0,0,0,20
8479395,D,2025-2026,New Jersey Devils,NHL,17,0,2,2,2,-6,880,0.0,0,0,0,0,0,0,12
8475455,D,2025-2026,New Jersey Devils,NHL,82,3,12,15,89,-13,1080,0.0,2,0,0,0,0,1,55
8476462,D,2025-2026,New Jersey Devils,NHL,77,12,27,39,50,-2,1292,0.0,3,0,4,14,0,0,203
8482684,D,2025-2026,New Jersey Devils,NHL,68,6,29,35,32,-4,1381,0.0,1,0,2,13,0,0,150
8480192,D,2025-2026,New Jersey Devils,NHL,34,0,8,8,38,0,1072,0.0,0,0,0,0,0,0,30
8483495,D,2025-2026,New Jersey Devils,NHL,68,11,15,26,26,-11,1180,0.0,3,3,1,2,0,0,101
8477488,D,2025-2026,New Jersey Devils,NHL,37,1,6,7,6,-11,1218,0.0,0,0,0,0,0,0,45
8478399,D,2025-2026,New Jersey Devils,NHL,82,0,16,16,48,-9,1169,0.0,0,0,0,0,0,2,60
8482146,R,2025-2026,Nashville Predators,NHL,80,12,42,54,28,2,999,0.0,1,0,1,16,0,0,173
8476887,L,2025-2026,Nashville Predators,NHL,81,38,35,73,34,-2,1135,0.322581,3,1,10,25,0,0,240
8475287,L,2025-2026,Nashville Predators,NHL,81,14,24,38,64,-15,1000,0.491542,1,0,4,12,1,2,127
8479370,C,2025-2026,Nashville Predators,NHL,68,8,8,16,26,-20,742,0.376238,0,0,0,0,1,2,95
8483465,R,2025-2026,Nashville Predators,NHL,15,1,2,3,0,3,611,0.142857,0,0,0,0,0,0,11
8482742,L,2025-2026,Nashville Predators,NHL,24,4,1,5,21,5,795,0.428571,0,0,0,1,0,0,32
8476539,C,2025-2026,Nashville Predators,NHL,62,12,19,31,30,-18,1002,0.418605,1,0,4,8,0,0,132
8475158,C,2025-2026,Nashville Predators,NHL,80,25,48,73,22,7,1223,0.550943,8,0,5,19,2,3,154
8483513,L,2025-2026,Nashville Predators,NHL,46,6,2,8,15,-11,580,0.125,1,0,0,0,0,0,38
8474564,C,2025-2026,Nashville Predators,NHL,81,40,23,63,58,-18,1070,0.576087,10,3,13,24,0,0,203
8482768,C,2025-2026,Nashville Predators,NHL,69,4,13,17,20,-4,722,0.426966,0,0,0,0,1,1,68
8482103,C,2025-2026,Nashville Predators,NHL,39,1,4,5,38,-5,612,0.285714,0,0,0,0,0,0,24
8484241,R,2025-2026,Nashville Predators,NHL,70,17,13,30,14,-3,739,0.405,1,0,4,8,1,1,102
8482111,D,2025-2026,Nashville Predators,NHL,51,0,9,9,17,0,850,0.0,0,0,0,0,0,0,31
8479980,D,2025-2026,Nashville Predators,NHL,62,3,12,15,47,-10,1178,0.0,1,0,0,0,0,1,56
8474600,D,2025-2026,Nashville Predators,NHL,68,13,42,55,30,-15,1493,0.0,3,1,4,24,0,0,181
8480246,D,2025-2026,Nashville Predators,NHL,78,3,10,13,20,-13,1145,0.0,0,0,0,0,0,2,79
8476869,D,2025-2026,Nashville Predators,NHL,81,3,23,26,38,-6,1358,0.0,0,0,0,3,1,2,110
8482715,D,2025-2026,Nashville Predators,NHL,17,2,7,9,4,1,810,0.0,1,0,0,1,0,0,11
8482482,D,2025-2026,Nashville Predators,NHL,57,1,15,16,29,2,1019,0.0,0,0,0,0,0,0,59
8484801,C,2025-2026,San Jose Sharks,NHL,80,44,68,112,44,9,1286,0.486915,5,2,8,32,0,0,281
8484994,L,2025-2026,San Jose Sharks,NHL,26,8,10,18,4,2,902,0.0,2,0,2,4,0,0,44
8480848,C,2025-2026,San Jose Sharks,NHL,45,2,9,11,20,-18,848,0.523901,0,0,0,0,1,2,47
8482667,L,2025-2026,San Jose Sharks,NHL,76,14,36,50,32,-32,1117,0.354839,1,1,3,15,0,0,172
8478874,R,2025-2026,San Jose Sharks,NHL,65,17,8,25,20,-8,690,0.478417,3,0,3,6,0,0,93
8476624,C,2025-2026,San Jose Sharks,NHL,80,5,7,12,73,-17,680,0.384615,0,0,0,0,0,0,66
8484911,R,2025-2026,San Jose Sharks,NHL,79,20,25,45,12,6,987,0.291667,4,1,0,1,2,3,115
8480798,C,2025-2026,San Jose Sharks,NHL,42,7,13,20,16,0,931,0.43038,1,1,0,2,0,0,61
8485402,C,2025-2026,San Jose Sharks,NHL,43,7,12,19,10,-3,765,0.452096,1,1,1,3,0,0,51
8482859,C,2025-2026,San Jose Sharks,NHL,57,4,3,7,45,-11,600,0.518433,2,0,0,0,0,0,41
8471817,R,2025-2026,San Jose Sharks,NHL,50,3,0,3,37,-12,468,0.0,0,0,0,0,0,0,25
8483630,L,2025-2026,San Jose Sharks,NHL,23,9,1,10,10,-3,812,0.647059,2,0,4,4,0,0,42
8480748,L,2025-2026,Vancouver Canucks,NHL,44,17,6,23,22,-12,1052,0.40625,2,1,6,10,1,1,109
8480748,L,2025-2026,San Jose Sharks,NHL,26,6,4,10,28,-10,1013,0.272727,1,0,1,1,0,0,59
8484227,C,2025-2026,San Jose Sharks,NHL,67,23,34,57,16,1,1096,0.3125,4,1,8,17,0,0,161
8475726,C,2025-2026,San Jose Sharks,NHL,78,19,30,49,10,-11,899,0.272727,2,1,6,15,0,0,172
8477505,C,2025-2026,San Jose Sharks,NHL,79,18,37,55,18,-25,1228,0.467963,3,1,8,15,0,1,93
8484152,D,2025-2026,San Jose Sharks,NHL,1,0,0,0,0,1,893,0.0,0,0,0,0,0,0,1
8479576,D,2025-2026,San Jose Sharks,NHL,52,1,6,7,68,7,1088,0.0,1,0,0,0,0,0,34
8484806,D,2025-2026,San Jose Sharks,NHL,70,1,13,14,20,-7,1002,0.0,0,0,0,0,0,0,72
8479983,D,2025-2026,San Jose Sharks,NHL,80,6,15,21,35,1,1263,0.0,0,0,0,0,0,0,90
8475906,D,2025-2026,San Jose Sharks,NHL,55,10,14,24,24,-16,1228,0.0,2,1,5,9,0,0,79
8475181,D,2025-2026,San Jose Sharks,NHL,32,1,6,7,6,-9,1072,0.0,0,0,0,0,0,0,16
8482166,D,2025-2026,San Jose Sharks,NHL,48,5,7,12,18,-3,1023,0.0,1,0,0,0,0,0,48
8475200,D,2025-2026,San Jose Sharks,NHL,80,3,33,36,48,-26,1277,0.0,0,0,1,17,0,0,90
8481013,R,2025-2026,Detroit Red Wings,NHL,15,2,4,6,6,-3,719,0.0,0,0,1,1,0,0,20
8481013,R,2025-2026,St. Louis Blues,NHL,35,6,10,16,6,0,874,0.6,2,0,2,2,0,0,38
8477402,L,2025-2026,St. Louis Blues,NHL,80,19,28,47,26,-12,1079,0.398374,4,0,4,15,0,0,140
8477494,L,2025-2026,New York Islanders,NHL,55,3,18,21,19,-3,1029,0.493274,0,0,0,5,0,0,73
8477494,L,2025-2026,St. Louis Blues,NHL,9,1,2,3,0,-2,910,0.666667,0,0,1,1,0,0,13
8484164,R,2025-2026,St. Louis Blues,NHL,70,12,9,21,26,-4,861,0.461431,0,0,5,7,0,0,91
8482090,C,2025-2026,Tampa Bay Lightning,NHL,22,2,1,3,21,2,505,0.48538,1,0,0,0,0,0,11
8482090,C,2025-2026,St. Louis Blues,NHL,21,0,2,2,17,0,651,0.521951,0,0,0,0,0,0,12
8482077,L,2025-2026,St. Louis Blues,NHL,58,22,27,49,20,11,1096,0.484375,2,1,4,8,0,0,160
8479385,R,2025-2026,St. Louis Blues,NHL,71,18,27,45,8,-7,945,0.1875,2,0,4,14,0,0,171
8482089,L,2025-2026,St. Louis Blues,NHL,68,15,21,36,43,-5,914,0.210526,2,0,1,7,0,0,84
8483516,R,2025-2026,St. Louis Blues,NHL,69,21,29,50,18,14,1002,0.333333,5,0,5,9,0,0,167
8476897,C,2025-2026,St. Louis Blues,NHL,52,5,12,17,26,-18,778,0.46028,0,0,0,1,0,0,37
8480459,C,2025-2026,St. Louis Blues,NHL,63,13,15,28,20,11,956,0.48155,2,0,1,4,1,2,94
8480023,C,2025-2026,St. Louis Blues,NHL,63,22,39,61,24,20,1143,0.525904,4,2,3,14,2,3,99
8480281,R,2025-2026,St. Louis Blues,NHL,64,4,7,11,28,-11,717,0.666667,0,0,0,0,1,2,67
8477573,L,2025-2026,St. Louis Blues,NHL,45,4,7,11,28,-9,716,0.54902,1,0,0,0,0,0,38
8481598,D,2025-2026,St. Louis Blues,NHL,80,6,27,33,14,11,1402,0.0,0,0,2,5,0,0,96
8475764,D,2025-2026,St. Louis Blues,NHL,81,4,25,29,14,-11,1266,0.0,1,0,1,9,0,1,90
8475718,D,2025-2026,St. Louis Blues,NHL,8,1,1,2,6,6,922,0.0,1,0,0,0,0,0,6
8482516,D,2025-2026,St. Louis Blues,NHL,29,2,1,3,10,1,752,0.0,1,0,0,0,0,0,20
8482733,D,2025-2026,St. Louis Blues,NHL,66,4,8,12,48,-13,1001,0.0,0,0,0,2,0,0,79
8476892,D,2025-2026,St. Louis Blues,NHL,76,4,14,18,23,-6,1335,0.0,0,0,0,0,0,0,103
8481006,D,2025-2026,St. Louis Blues,NHL,68,3,14,17,81,-3,858,0.0,0,0,0,0,0,0,67
8477935,C,2025-2026,Florida Panthers,NHL,76,26,32,58,82,-10,1110,0.475621,5,1,5,14,0,0,201
8480003,C,2025-2026,Florida Panthers,NHL,72,4,9,13,16,-11,707,0.292035,1,0,0,1,0,0,62
8481518,L,2025-2026,Florida Panthers,NHL,11,1,0,1,6,-4,634,0.0,0,0,0,0,0,0,13
8479981,L,2025-2026,Florida Panthers,NHL,10,0,3,3,7,2,477,0.0,0,0,0,0,0,0,8
8478421,L,2025-2026,Florida Panthers,NHL,77,16,15,31,113,13,744,0.233333,2,0,0,0,0,0,103
8479393,L,2025-2026,Florida Panthers,NHL,36,4,4,8,26,-12,567,0.4,0,0,0,0,0,0,39
8476994,C,2025-2026,Minnesota Wild,NHL,48,3,7,10,15,-8,618,0.5,2,0,0,2,0,0,46
8476994,C,2025-2026,Florida Panthers,NHL,16,2,5,7,14,-6,761,0.285714,0,0,0,0,0,0,17
8479316,C,2025-2026,Florida Panthers,NHL,61,2,5,7,47,-8,572,0.5,0,0,0,0,0,0,44
8482113,C,2025-2026,Florida Panthers,NHL,64,18,26,44,34,-8,1149,0.517857,3,0,4,15,2,4,138
8480185,C,2025-2026,Florida Panthers,NHL,72,11,21,32,32,2,997,0.444444,0,0,1,1,0,1,106
8473419,L,2025-2026,Florida Panthers,NHL,52,27,27,54,38,-16,1064,0.125,3,1,6,20,0,0,138
8477931,L,2025-2026,Florida Panthers,NHL,21,2,2,4,4,-8,847,0.462222,1,0,0,0,0,0,8
8481133,L,2025-2026,Vegas Golden Knights,NHL,44,3,4,7,19,-6,587,0.6,0,0,0,0,0,0,34
8481133,L,2025-2026,Florida Panthers,NHL,14,5,1,6,0,2,778,1.0,2,0,0,0,0,0,12
8477933,C,2025-2026,Florida Panthers,NHL,64,29,32,61,10,-18,1277,0.380952,6,1,11,25,3,4,166
8478542,C,2025-2026,Florida Panthers,NHL,69,11,20,31,38,-16,1020,0.470291,0,0,1,5,1,1,160
8482713,R,2025-2026,Florida Panthers,NHL,76,12,19,31,30,-7,869,0.416667,1,0,4,10,0,0,161
8481655,C,2025-2026,Florida Panthers,NHL,28,4,2,6,2,0,592,0.441026,0,0,0,0,0,0,23
8484380,C,2025-2026,Florida Panthers,NHL,2,0,0,0,4,1,932,0.0,0,0,0,0,0,0,2
8479314,L,2025-2026,Florida Panthers,NHL,30,13,19,32,46,-7,1108,0.333333,1,0,4,13,0,0,88
8477409,C,2025-2026,Florida Panthers,NHL,77,25,30,55,32,-14,1057,0.342105,4,0,6,11,0,0,187
8483687,D,2025-2026,Florida Panthers,NHL,3,0,1,1,0,3,1218,0.0,0,0,0,0,0,0,4
8484304,D,2025-2026,Florida Panthers,NHL,54,5,10,15,30,-13,982,0.0,1,0,3,6,0,0,66
8482107,D,2025-2026,Florida Panthers,NHL,17,0,4,4,2,-6,998,0.0,0,0,0,1,0,0,13
8477932,D,2025-2026,Florida Panthers,NHL,72,4,22,26,55,-5,1349,0.0,3,0,1,5,0,1,97
8478055,D,2025-2026,Florida Panthers,NHL,80,2,26,28,51,-5,1358,0.0,1,0,0,2,0,0,112
8484933,D,2025-2026,Florida Panthers,NHL,3,0,0,0,0,-3,810,0.0,0,0,0,0,0,0,0
8483712,D,2025-2026,Florida Panthers,NHL,3,0,0,0,0,0,1019,0.0,0,0,0,0,0,0,3
8477495,D,2025-2026,Florida Panthers,NHL,52,7,25,32,18,-3,1422,0.0,0,0,5,16,0,0,88
8475179,D,2025-2026,Florida Panthers,NHL,19,0,0,0,10,-5,1082,0.0,0,0,0,0,0,0,15
8478859,D,2025-2026,Florida Panthers,NHL,68,3,8,11,47,-1,1221,0.0,0,0,0,0,0,0,68
8482131,D,2025-2026,Ottawa Senators,NHL,2,0,0,0,5,-1,914,0.0,0,0,0,0,0,0,1
8482131,D,2025-2026,Florida Panthers,NHL,39,0,7,7,63,-7,898,0.0,0,0,0,0,0,0,31
8480289,C,2025-2026,Winnipeg Jets,NHL,65,11,12,23,31,5,768,0.461538,2,0,0,0,2,2,93
8482787,R,2025-2026,Winnipeg Jets,NHL,10,0,0,0,14,-1,543,0.0,0,0,0,0,0,0,9
8478398,L,2025-2026,Winnipeg Jets,NHL,81,39,53,92,16,0,1293,0.0,5,2,5,19,2,3,267
8480113,L,2025-2026,Winnipeg Jets,NHL,79,13,16,29,14,3,935,0.425,3,0,2,5,0,1,114
8481043,L,2025-2026,Winnipeg Jets,NHL,65,7,9,16,16,0,626,0.0,1,0,0,0,1,1,84
8483471,C,2025-2026,Winnipeg Jets,NHL,24,3,3,6,6,-3,639,0.25,0,0,0,1,0,0,25
8476392,C,2025-2026,Winnipeg Jets,NHL,69,5,16,21,32,-6,899,0.549894,1,0,0,0,1,2,70
8476480,C,2025-2026,Winnipeg Jets,NHL,60,8,6,14,28,-13,827,0.408889,1,0,2,2,0,0,76
8475799,R,2025-2026,Winnipeg Jets,NHL,60,8,11,19,16,-6,824,0.428571,2,0,1,5,0,0,80
8474679,R,2025-2026,Winnipeg Jets,NHL,51,1,11,12,10,-8,761,0.4,0,0,0,5,0,0,62
8482149,C,2025-2026,Winnipeg Jets,NHL,67,12,20,32,20,-8,936,0.4,3,1,3,6,0,0,134
8482765,R,2025-2026,Buffalo Sabres,NHL,16,3,4,7,0,-3,754,1.0,0,0,0,2,0,0,16
8482765,R,2025-2026,Winnipeg Jets,NHL,20,3,0,3,0,0,634,0.0,0,0,1,1,0,0,17
8476460,C,2025-2026,Winnipeg Jets,NHL,81,36,67,103,43,2,1292,0.467409,6,1,7,22,0,1,175
8473604,C,2025-2026,Winnipeg Jets,NHL,81,11,18,29,38,-17,868,0.619143,1,0,5,8,0,0,105
8480014,C,2025-2026,Winnipeg Jets,NHL,81,30,39,69,24,-10,1125,0.42,2,0,13,24,0,0,150
8484242,C,2025-2026,Winnipeg Jets,NHL,2,0,0,0,2,-1,621,0.142857,0,0,0,0,0,0,2
8480196,D,2025-2026,Buffalo Sabres,NHL,35,2,3,5,8,-1,602,0.0,0,0,0,0,0,0,12
8480196,D,2025-2026,Winnipeg Jets,NHL,15,0,3,3,2,-8,768,0.0,0,0,0,0,0,0,10
8476331,D,2025-2026,Winnipeg Jets,NHL,81,3,16,19,40,11,1289,0.0,0,0,0,0,0,2,75
8477938,D,2025-2026,Winnipeg Jets,NHL,37,2,2,4,12,-17,827,0.0,0,0,0,0,0,0,25
8481572,D,2025-2026,Winnipeg Jets,NHL,4,0,0,0,0,1,819,0.0,0,0,0,0,0,0,7
8476525,D,2025-2026,Winnipeg Jets,NHL,17,0,2,2,6,-8,841,0.0,0,0,0,1,0,0,19
8477504,D,2025-2026,Winnipeg Jets,NHL,76,14,41,55,28,7,1486,0.0,2,1,2,16,0,0,145
8480145,D,2025-2026,Winnipeg Jets,NHL,51,3,9,12,37,1,1363,0.0,1,0,1,2,0,0,97
8483510,D,2025-2026,Winnipeg Jets,NHL,32,1,4,5,12,-6,1078,0.0,0,0,0,1,0,0,37
8480049,D,2025-2026,Winnipeg Jets,NHL,65,1,13,14,14,6,1312,0.0,0,0,0,0,0,0,83
8482665,C,2025-2026,Seattle Kraken,NHL,80,20,30,50,23,-7,1162,0.482857,1,0,6,11,0,0,149
8484800,C,2025-2026,Seattle Kraken,NHL,64,7,10,17,29,-8,773,0.445161,2,0,1,2,0,0,77
8474586,R,2025-2026,Seattle Kraken,NHL,78,26,29,55,28,3,1114,0.375,3,0,4,16,0,0,168
8477919,C,2025-2026,Seattle Kraken,NHL,66,7,17,24,11,2,971,0.430746,0,0,1,3,0,0,70
8481554,R,2025-2026,Seattle Kraken,NHL,63,13,27,40,14,15,858,0.472222,2,0,2,8,0,0,74
8477955,L,2025-2026,Seattle Kraken,NHL,52,20,20,40,11,-7,986,0.52,2,1,7,13,0,0,117
8482259,C,2025-2026,Toronto Maple Leafs,NHL,60,19,13,32,40,-3,919,0.6,3,0,2,4,0,0,125
8482259,C,2025-2026,Seattle Kraken,NHL,16,10,4,14,2,1,1095,0.25,0,0,2,2,0,0,53
8483570,C,2025-2026,Seattle Kraken,NHL,50,7,8,15,14,-9,713,0.551515,2,0,0,0,0,0,59
8483497,R,2025-2026,Seattle Kraken,NHL,26,4,2,6,6,-4,626,0.333333,0,0,1,2,0,0,31
8475768,L,2025-2026,Seattle Kraken,NHL,50,11,15,26,8,5,968,0.592593,2,0,2,3,1,1,82
8476905,C,2025-2026,Seattle Kraken,NHL,78,16,33,49,14,-23,1164,0.522315,3,0,6,16,0,2,92
8480009,R,2025-2026,Seattle Kraken,NHL,76,12,24,36,30,-18,963,0.0,0,0,5,14,0,0,137
8482751,C,2025-2026,Seattle Kraken,NHL,66,4,14,18,15,3,716,0.0,1,0,0,0,0,0,83
8483524,C,2025-2026,Seattle Kraken,NHL,72,11,15,26,10,6,829,0.397706,2,1,2,6,0,0,96
8478407,D,2025-2026,Seattle Kraken,NHL,79,11,33,44,48,-22,1302,0.0,3,1,2,21,0,0,174
8482858,D,2025-2026,Seattle Kraken,NHL,65,8,9,17,38,7,1066,0.0,0,0,0,1,1,1,45
8479985,D,2025-2026,Seattle Kraken,NHL,22,1,2,3,7,2,979,0.0,0,0,0,0,0,0,22
8476457,D,2025-2026,Seattle Kraken,NHL,80,7,18,25,42,2,1281,0.0,1,0,0,0,0,0,101
8479324,D,2025-2026,Seattle Kraken,NHL,75,2,7,9,60,-1,1101,0.0,1,0,0,0,0,1,48
8479372,D,2025-2026,Seattle Kraken,NHL,22,1,2,3,16,8,926,0.0,1,1,0,0,0,0,14
8477986,D,2025-2026,Seattle Kraken,NHL,62,11,21,32,45,-20,1355,0.0,3,2,2,8,0,0,167
8476467,D,2025-2026,Seattle Kraken,NHL,77,5,9,14,34,10,1014,0.0,2,0,0,0,0,0,75
8484158,R,2025-2026,Toronto Maple Leafs,NHL,65,11,17,28,43,-6,878,0.333333,1,1,2,6,0,0,90
8477503,C,2025-2026,Toronto Maple Leafs,NHL,79,12,24,36,95,-29,894,0.514286,3,1,2,8,0,0,116
8480870,C,2025-2026,Toronto Maple Leafs,NHL,13,3,2,5,0,4,942,0.374194,2,0,0,0,1,1,15
8485467,C,2025-2026,Toronto Maple Leafs,NHL,3,0,1,1,0,-2,790,0.285714,0,0,0,0,0,0,2
8475714,C,2025-2026,Toronto Maple Leafs,NHL,56,6,2,8,8,-15,710,0.482759,0,0,0,0,0,0,45
8478057,C,2025-2026,Toronto Maple Leafs,NHL,55,10,8,18,49,-2,735,0.24,2,0,0,0,0,0,52
8482720,L,2025-2026,Toronto Maple Leafs,NHL,78,23,43,66,29,-29,1129,0.166667,2,0,6,16,1,1,139
8478904,C,2025-2026,Toronto Maple Leafs,NHL,70,7,11,18,16,-1,708,0.465517,0,0,0,0,2,2,69
8481711,L,2025-2026,Toronto Maple Leafs,NHL,70,14,25,39,16,-22,874,0.428571,2,0,2,8,0,0,88
8479318,C,2025-2026,Toronto Maple Leafs,NHL,60,27,26,53,18,-4,1248,0.596708,3,1,5,12,0,0,227
8477939,R,2025-2026,Toronto Maple Leafs,NHL,64,29,49,78,16,-14,1164,0.384615,4,3,7,22,0,0,153
8479543,L,2025-2026,Toronto Maple Leafs,NHL,8,0,0,0,35,-4,362,0.0,0,0,0,0,0,0,2
8484901,C,2025-2026,Toronto Maple Leafs,NHL,22,1,1,2,2,-6,609,0.426667,0,0,0,0,0,0,14
8481582,L,2025-2026,Toronto Maple Leafs,NHL,77,16,16,32,10,-12,759,0.48,1,0,2,4,0,0,127
8475166,C,2025-2026,Toronto Maple Leafs,NHL,81,31,40,71,28,-28,1089,0.575581,4,2,12,21,0,0,192
8482525,C,2025-2026,Toronto Maple Leafs,NHL,1,0,0,0,2,1,544,0.0,0,0,0,0,0,0,0
8481122,D,2025-2026,Toronto Maple Leafs,NHL,72,0,6,6,41,-22,1037,0.0,0,0,0,0,0,0,58
8478443,D,2025-2026,Toronto Maple Leafs,NHL,55,0,7,7,37,4,1162,0.0,0,0,0,0,0,1,66
8475171,D,2025-2026,Toronto Maple Leafs,NHL,77,8,31,39,68,-6,1235,0.0,0,0,0,9,0,0,107
8476931,D,2025-2026,Toronto Maple Leafs,NHL,79,5,20,25,64,3,1346,0.0,0,0,0,0,0,0,76
8479026,D,2025-2026,Toronto Maple Leafs,NHL,39,0,2,2,22,-10,873,0.0,0,0,0,0,0,0,42
8476853,D,2025-2026,Toronto Maple Leafs,NHL,77,11,25,36,29,-18,1269,0.0,2,0,1,6,0,0,140
8479442,D,2025-2026,Edmonton Oilers,NHL,6,0,0,0,8,0,817,0.0,0,0,0,0,0,0,3
8479442,D,2025-2026,Toronto Maple Leafs,NHL,57,3,11,14,12,-9,1186,0.0,1,0,0,0,0,0,59
8475690,D,2025-2026,Toronto Maple Leafs,NHL,11,0,2,2,0,8,1078,0.0,0,0,0,0,0,0,8
8482174,D,2025-2026,Toronto Maple Leafs,NHL,2,0,0,0,0,1,1060,0.0,0,0,0,0,0,0,2
8474150,C,2025-2026,Calgary Flames,NHL,81,17,26,43,16,7,1078,0.498594,3,0,1,3,1,5,186
8481556,C,2025-2026,Boston Bruins,NHL,6,1,0,1,0,-1,624,0.0,0,0,0,0,0,0,6
8481556,C,2025-2026,Calgary Flames,NHL,29,2,4,6,31,-5,626,0.440415,0,0,0,0,1,2,31
8476399,L,2025-2026,Calgary Flames,NHL,68,20,15,35,47,11,1040,0.371429,3,0,0,1,4,4,176
8482679,R,2025-2026,Calgary Flames,NHL,79,18,26,44,32,-29,997,0.391813,3,0,7,14,0,0,195
8480797,L,2025-2026,Calgary Flames,NHL,81,19,18,37,26,-10,1012,0.457627,2,0,1,3,4,5,137
8480028,C,2025-2026,Calgary Flames,NHL,81,21,21,42,28,-17,928,0.568552,3,1,7,15,0,0,138
8484860,R,2025-2026,Calgary Flames,NHL,36,6,13,19,2,-14,904,0.125,0,0,1,6,0,0,70
8486056,C,2025-2026,Calgary Flames,NHL,6,1,0,1,2,-2,662,0.509434,0,0,0,0,0,0,5
8484180,L,2025-2026,Calgary Flames,NHL,18,2,2,4,2,1,741,0.545455,0,0,0,0,0,0,22
8476456,L,2025-2026,Calgary Flames,NHL,50,10,15,25,41,-9,1088,0.444444,2,0,3,7,0,0,83
8483609,R,2025-2026,Calgary Flames,NHL,78,6,12,18,112,-12,638,0.324324,0,0,1,2,0,0,79
8479066,L,2025-2026,Calgary Flames,NHL,57,4,5,9,59,-4,543,0.384615,1,0,0,0,0,0,53
8478109,L,2025-2026,Colorado Avalanche,NHL,60,11,14,25,6,6,800,0.375,3,0,2,7,0,0,112
8478109,L,2025-2026,Calgary Flames,NHL,17,2,4,6,0,-2,877,0.0,1,0,0,0,0,0,34
8481028,C,2025-2026,Calgary Flames,NHL,22,1,2,3,17,-4,609,0.470588,0,0,0,0,0,0,19
8481068,C,2025-2026,Calgary Flames,NHL,77,15,14,29,12,-19,965,0.363636,1,0,4,7,1,1,141
8476458,C,2025-2026,Anaheim Ducks,NHL,33,3,6,9,27,-5,730,0.47,0,0,1,1,0,0,35
8476458,C,2025-2026,Calgary Flames,NHL,18,5,6,11,8,-3,923,0.439394,1,1,0,1,0,0,22
8484234,L,2025-2026,Calgary Flames,NHL,5,0,1,1,0,0,696,0.0,0,0,0,0,0,0,8
8482074,C,2025-2026,Calgary Flames,NHL,74,12,13,25,22,-9,862,0.457831,3,1,2,7,0,0,110
8480860,D,2025-2026,Calgary Flames,NHL,76,4,14,18,47,2,1317,0.0,2,0,0,1,0,1,57
8479402,D,2025-2026,Calgary Flames,NHL,16,1,1,2,16,-7,957,0.0,0,0,0,0,0,0,16
8484150,D,2025-2026,Calgary Flames,NHL,33,2,5,7,4,0,962,0.0,0,0,0,1,0,0,32
8477810,D,2025-2026,Calgary Flames,NHL,68,0,7,7,44,-5,880,0.0,0,0,0,0,0,0,43
8482165,D,2025-2026,Calgary Flames,NHL,57,4,8,12,28,-8,1205,0.0,1,0,0,0,0,2,64
8476874,D,2025-2026,Utah Mammoth,NHL,22,0,1,1,2,-5,730,0.0,0,0,0,0,0,0,10
8476874,D,2025-2026,Calgary Flames,NHL,20,2,12,14,2,-1,1351,0.0,1,0,0,0,0,0,22
8481167,D,2025-2026,Calgary Flames,NHL,38,1,6,7,47,0,829,0.0,0,0,0,0,0,0,28
8484768,D,2025-2026,Calgary Flames,NHL,36,3,5,8,8,-11,1020,0.0,0,0,3,6,0,0,47
8480727,D,2025-2026,Vegas Golden Knights,NHL,47,2,5,7,20,-8,1126,0.0,0,0,0,0,0,0,33
8480727,D,2025-2026,Calgary Flames,NHL,30,0,8,8,10,0,1364,0.0,0,0,0,0,0,0,32
8483709,D,2025-2026,Calgary Flames,NHL,3,0,0,0,2,1,685,0.0,0,0,0,0,0,0,0
8477380,C,2025-2026,New York Rangers,NHL,55,6,10,16,12,-1,670,0.53012,0,0,0,2,0,0,63
8482877,R,2025-2026,New York Rangers,NHL,27,4,2,6,7,-2,540,0.0,1,0,0,0,0,0,22
8482157,L,2025-2026,New York Rangers,NHL,81,20,17,37,61,-13,1013,0.482759,1,1,4,8,0,0,156
8481726,C,2025-2026,New York Rangers,NHL,35,3,2,5,2,1,568,0.333333,1,0,0,0,0,0,31
8481789,L,2025-2026,Seattle Kraken,NHL,40,3,5,8,21,-6,642,0.25,0,0,0,0,0,0,29
8481789,L,2025-2026,New York Rangers,NHL,23,3,8,11,15,-1,841,0.0,0,0,0,0,0,0,24
8483690,C,2025-2026,New York Rangers,NHL,73,9,15,24,31,3,810,0.51087,1,0,3,5,0,0,73
8482109,L,2025-2026,New York Rangers,NHL,81,24,32,56,20,-8,1055,0.236842,5,0,9,14,0,0,163
8476468,C,2025-2026,New York Rangers,NHL,67,17,34,51,33,-30,1212,0.617312,5,3,6,18,0,1,142
8484210,R,2025-2026,New York Rangers,NHL,48,11,15,26,10,-1,958,0.5,2,0,3,6,0,0,70
8479390,R,2025-2026,New York Rangers,NHL,67,9,10,19,12,5,713,0.2,0,0,0,1,1,1,52
8482460,C,2025-2026,New York Rangers,NHL,26,1,0,1,11,-4,516,0.375,0,0,0,0,0,0,15
8477839,L,2025-2026,New York Rangers,NHL,61,7,10,17,14,2,848,0.533333,1,0,0,2,1,1,79
8483669,L,2025-2026,New York Rangers,NHL,10,3,1,4,5,0,685,0.5,0,0,0,0,0,0,14
8476389,C,2025-2026,New York Rangers,NHL,66,16,37,53,64,-16,1233,0.568519,1,0,2,16,2,2,114
8476459,C,2025-2026,New York Rangers,NHL,80,33,43,76,14,-21,1253,0.522263,3,0,15,34,2,2,212
8478840,D,2025-2026,New York Rangers,NHL,74,5,10,15,41,2,1084,0.0,2,0,0,0,0,0,69
8484169,D,2025-2026,New York Rangers,NHL,8,0,2,2,4,4,884,0.0,0,0,0,0,0,0,3
8479323,D,2025-2026,New York Rangers,NHL,54,9,44,53,20,5,1420,0.0,1,0,5,24,0,1,90
8478882,D,2025-2026,New York Rangers,NHL,81,14,20,34,50,-8,1422,0.0,1,1,3,6,0,1,118
8482861,D,2025-2026,San Jose Sharks,NHL,21,0,3,3,12,-4,990,0.0,0,0,0,0,0,0,10
8482861,D,2025-2026,New York Rangers,NHL,6,0,0,0,0,0,785,0.0,0,0,0,0,0,0,5
8481525,D,2025-2026,New York Rangers,NHL,71,6,12,18,38,-3,1045,0.0,2,1,0,0,0,0,79
8482073,D,2025-2026,New York Rangers,NHL,81,2,16,18,26,-4,1227,0.0,0,0,0,0,0,0,101
8480001,D,2025-2026,New York Rangers,NHL,34,0,6,6,14,0,831,0.0,0,0,0,0,0,0,23
8484144,C,2025-2026,Chicago Blackhawks,NHL,68,30,43,73,44,-19,1255,0.472012,5,1,7,21,0,0,226
8477479,L,2025-2026,Chicago Blackhawks,NHL,78,32,25,57,42,-18,1109,0.451327,3,1,11,21,0,0,163
8484793,C,2025-2026,Chicago Blackhawks,NHL,7,1,1,2,9,-1,555,0.377778,1,0,0,0,0,0,6
8477444,L,2025-2026,Chicago Blackhawks,NHL,74,11,21,32,16,-34,986,0.4,1,0,3,10,0,0,86
8477987,C,2025-2026,Chicago Blackhawks,NHL,81,15,14,29,44,-18,883,0.470914,2,1,1,2,0,0,117
8485391,C,2025-2026,Chicago Blackhawks,NHL,11,3,6,9,4,-2,1086,0.27,0,0,0,2,0,0,35
8483450,C,2025-2026,Chicago Blackhawks,NHL,80,11,17,28,14,-16,1004,0.426376,0,0,1,4,1,1,107
8478043,C,2025-2026,Chicago Blackhawks,NHL,28,1,1,2,14,-2,516,0.5,0,0,0,0,0,0,9
8484185,L,2025-2026,Chicago Blackhawks,NHL,40,9,5,14,10,-18,758,0.5,0,0,2,3,0,0,56
8478233,L,2025-2026,Edmonton Oilers,NHL,52,7,7,14,36,-19,756,0.333333,1,0,0,0,0,0,51
8478233,L,2025-2026,Chicago Blackhawks,NHL,10,1,1,2,6,-2,714,0.5,0,0,0,0,0,0,7
8481624,R,2025-2026,Chicago Blackhawks,NHL,76,18,18,36,18,0,1046,0.222222,2,0,0,0,1,3,120
8484197,C,2025-2026,Chicago Blackhawks,NHL,51,5,14,19,19,-15,771,0.482927,0,0,2,5,0,0,57
8483493,C,2025-2026,Chicago Blackhawks,NHL,65,15,26,41,26,-21,1100,0.47381,3,1,4,12,1,1,138
8482172,L,2025-2026,Chicago Blackhawks,NHL,52,3,4,7,16,-2,632,0.333333,1,0,0,0,0,0,47
8476882,C,2025-2026,Chicago Blackhawks,NHL,74,14,21,35,6,-30,1067,0.391667,2,0,7,19,1,1,88
8476952,C,2025-2026,Chicago Blackhawks,NHL,8,0,1,1,6,0,549,0.552632,0,0,0,0,0,0,8
8481806,D,2025-2026,Chicago Blackhawks,NHL,77,5,18,23,63,-4,1027,0.0,1,0,0,0,1,2,112
8482807,D,2025-2026,Chicago Blackhawks,NHL,18,0,0,0,18,-11,848,0.0,0,0,0,0,0,0,17
8476891,D,2025-2026,Chicago Blackhawks,NHL,69,0,12,12,32,-9,1018,0.0,0,0,0,3,0,1,68
8482176,D,2025-2026,Chicago Blackhawks,NHL,76,6,10,16,34,-17,1175,0.0,1,0,0,0,0,0,73
8483466,D,2025-2026,Chicago Blackhawks,NHL,12,0,2,2,4,-4,806,0.0,0,0,0,0,0,0,6
8484783,D,2025-2026,Chicago Blackhawks,NHL,68,2,22,24,44,-41,1175,0.0,0,0,1,11,0,0,84
8483506,D,2025-2026,Chicago Blackhawks,NHL,53,3,10,13,44,-9,1096,0.0,1,0,0,1,0,0,82
8481568,D,2025-2026,Chicago Blackhawks,NHL,80,2,19,21,17,-19,1268,0.0,0,0,0,0,0,1,84
8482496,C,2025-2026,Vancouver Canucks,NHL,2,0,0,0,0,0,520,0.5,0,0,0,0,0,0,1
8476927,C,2025-2026,Vancouver Canucks,NHL,34,9,8,17,20,-11,991,0.487685,1,0,1,1,3,3,51
8478444,R,2025-2026,Vancouver Canucks,NHL,74,22,26,48,8,-47,1144,0.41791,3,1,6,19,1,1,165
8480078,C,2025-2026,Vancouver Canucks,NHL,12,3,0,3,6,-7,900,0.491803,1,0,0,0,0,0,24
8478498,L,2025-2026,Vancouver Canucks,NHL,80,23,19,42,12,-31,1013,0.424242,1,1,19,24,0,0,217
8480876,C,2025-2026,Tampa Bay Lightning,NHL,29,0,2,2,92,1,358,0.6,0,0,0,0,0,0,17
8480876,C,2025-2026,Vancouver Canucks,NHL,13,1,0,1,16,-5,485,0.375,0,0,0,0,0,0,12
8481535,L,2025-2026,Vancouver Canucks,NHL,37,2,3,5,8,-3,688,1.0,0,0,0,0,0,0,35
8475169,L,2025-2026,Vancouver Canucks,NHL,71,13,18,31,92,-20,985,0.375,1,0,2,6,0,0,171
8481024,C,2025-2026,Vancouver Canucks,NHL,78,15,20,35,42,-26,748,0.294118,1,0,2,4,0,0,114
8484406,C,2025-2026,Vancouver Canucks,NHL,5,0,0,0,2,0,626,0.473684,0,0,0,0,0,0,1
8482055,L,2025-2026,Vancouver Canucks,NHL,81,17,12,29,42,-10,878,0.486486,2,0,0,0,2,3,136
8483499,L,2025-2026,Minnesota Wild,NHL,18,0,0,0,0,-3,572,0.666667,0,0,0,0,0,0,18
8483499,L,2025-2026,Vancouver Canucks,NHL,50,8,10,18,2,-14,863,0.411765,0,0,0,0,0,1,69
8483678,D,2025-2026,Vancouver Canucks,NHL,69,3,7,10,32,-14,899,0.0,0,0,0,0,0,0,45
8482691,C,2025-2026,Vancouver Canucks,NHL,65,4,10,14,22,-5,719,0.609948,1,0,0,0,0,0,63
8482079,C,2025-2026,Minnesota Wild,NHL,17,4,9,13,2,-6,1086,0.486364,0,0,0,5,0,0,27
8482079,C,2025-2026,Vancouver Canucks,NHL,32,8,14,22,8,-18,1037,0.491379,2,1,3,9,0,0,38
8484136,C,2025-2026,Vancouver Canucks,NHL,66,13,6,19,26,-13,703,0.42069,0,0,0,1,0,0,62
8484798,D,2025-2026,Minnesota Wild,NHL,31,3,11,14,8,-9,1108,0.0,0,0,2,8,0,0,31
8484798,D,2025-2026,Vancouver Canucks,NHL,44,3,9,12,29,-24,1219,0.0,1,0,1,5,0,0,42
8475762,D,2025-2026,Vancouver Canucks,NHL,2,0,0,0,2,0,836,0.0,0,0,0,0,0,0,1
8479425,D,2025-2026,Vancouver Canucks,NHL,81,8,41,49,33,-24,1498,0.0,1,0,4,21,0,2,136
8480058,D,2025-2026,Vancouver Canucks,NHL,31,1,5,6,8,-16,798,0.0,0,0,0,0,0,0,22
8483467,D,2025-2026,Vancouver Canucks,NHL,2,0,2,2,0,3,881,0.0,0,0,0,0,0,0,3
8483768,D,2025-2026,Vancouver Canucks,NHL,24,0,3,3,7,-12,824,0.0,0,0,0,0,0,0,14
8477969,D,2025-2026,Vancouver Canucks,NHL,81,3,15,18,60,-18,1289,0.0,1,0,0,0,0,0,66
8484240,D,2025-2026,Vancouver Canucks,NHL,69,5,16,21,28,-20,1019,0.0,0,0,0,3,0,0,59
